Exercise Name,Type of Activity,Type of Equipment,Body Part,Type,Muscle Groups Activated,Instructions,Video Link
Yoga Flow,Stretching,Foam Roller,Core,Hold,"Quadriceps, Glutes, Hamstrings","Step forward, lower your body until your knee almost touches the floor, then push back up.",https://www.youtube.com/watch?v=op9kVnSso6Q
Stretching Routine,Strength,Kettlebell,Upper body,Pull,"Lower Abdominals, Hip Flexors","Press the weights overhead until your arms are fully extended, then lower them back down.",https://www.youtube.com/watch?v=pSHjTRCQxIw
Cable Row,Warm-up,Resistance Band,Core,Push,"Biceps, Forearms","Lift the barbell by straightening your hips and knees, keeping your back flat.",https://www.youtube.com/watch?v=aclHkVaku9U
Ankle Circles,Cardio,Barbell,Core,Hold,"Chest, Triceps, Shoulders","Press the weights overhead until your arms are fully extended, then lower them back down.",https://www.youtube.com/watch?v=9FGilxCbdz8
Jump Rope,Mobility,Foam Roller,Lower body,Push,"Hip Flexors, Glutes","Maintain a straight line from head to heels, holding your body tight.",https://www.youtube.com/watch?v=JB2oyawG9KI
Dips,Strength,Foam Roller,Upper body,Pull,"Hip Flexors, Glutes","Lift the barbell by straightening your hips and knees, keeping your back flat.",https://www.youtube.com/watch?v=B-aVuyhvLHU
Box Jumps,Stretching,Resistance Band,Core,Pull,"Lats, Biceps, Rear Delts","Lie on your back, lift your legs until they are perpendicular to the floor, then lower slowly.",https://www.youtube.com/watch?v=QOVaHwm-Q6U
Neck Stretch,Mobility,Resistance Band,Core,Push,"Abdominals, Lower Back, Shoulders","Press the weights overhead until your arms are fully extended, then lower them back down.",https://www.youtube.com/watch?v=QOVaHwm-Q6U
Bicep Curl,Stretching,Dumbbells,Upper body,Stretch,"Shoulders, Triceps","Stand straight, curl the weights toward your shoulders and lower them slowly.",https://www.youtube.com/watch?v=ykJmrZ5v0Oo
Treadmill Sprint,Cardio,Kettlebell,Lower body,Stretch,"Shoulders, Triceps","Pull the band down toward your chest, keeping elbows pointed downward.",https://www.youtube.com/watch?v=CAwf7n6Luuc
Deadlifts,Warm-up,Barbell,Upper body,Push,"Hip Flexors, Glutes","Maintain a straight line from head to heels, holding your body tight.",https://www.youtube.com/watch?v=JB2oyawG9KI
Hip Flexor Stretch,Strength,Body weight,Core,Hold,"Lower Abdominals, Hip Flexors","Keep your body straight, lower your chest to the floor, and push back up.",https://www.youtube.com/watch?v=DXuStgWuJV8
Incline Dumbbell Press,Strength,Resistance Band,Core,Hold,"Abdominals, Obliques","Stand straight, curl the weights toward your shoulders and lower them slowly.",https://www.youtube.com/watch?v=JB2oyawG9KI
Leg Press,Strength,Resistance Band,Upper body,Push,"Lats, Biceps, Rear Delts","Sit on the leg press machine with your back and head flat against the seat pad.

Place your feet shoulder-width apart in the middle of the platform, toes slightly angled outward.

Grip the handles for support and disengage the safety locks.

Slowly lower the platform by bending your knees until your legs reach about a 90-degree angle — don’t let your hips lift off the pad.

Press through your heels to extend your legs and return to the starting position, avoiding full knee lockout.

Repeat for the desired number of reps.",https://www.youtube.com/watch?v=pSHjTRCQxIw
Plank,Mobility,Barbell,Lower body,Stretch,"Hip Flexors, Glutes","Begin by lying face down on the floor or a mat.

Place your forearms on the ground with elbows directly under your shoulders and hands flat or clasped.

Engage your core, glutes, and legs, then lift your body off the ground so it forms a straight line from head to heels.

Keep your gaze down and neck neutral — don’t let your hips sag or rise.

Hold this position for the desired duration while breathing steadily.",https://www.youtube.com/watch?v=CAwf7n6Luuc
Pike Push-Up,Cardio,Dumbbells,Core,Stretch,"Lats, Biceps, Rear Delts","Start in a downward dog position — hands shoulder-width apart, hips lifted high, and legs straight so your body forms an inverted “V”.

Keep your head between your arms and your core tight.

Bend your elbows and slowly lower the top of your head toward the floor, keeping elbows slightly tucked.

Push through your palms to extend your arms and return to the starting position.

Maintain control and avoid arching your back throughout the movement.",https://www.youtube.com/watch?v=op9kVnSso6Q
Sprint Intervals,Strength,Barbell,Core,Hold,"Abdominals, Obliques","Pull the band down toward your chest, keeping elbows pointed downward.",https://www.youtube.com/watch?v=_l3ySVKYVJ8
Reverse Lunge,Cardio,Barbell,Core,Stretch,"Lats, Biceps, Rear Delts","Step forward, lower your body until your knee almost touches the floor, then push back up.",https://www.youtube.com/watch?v=aclHkVaku9U
Shoulder Stretch,Stretching,Foam Roller,Lower body,Hold,"Lower Abdominals, Hip Flexors","Lower your hips down and back as if sitting in a chair, then return to standing.",https://www.youtube.com/watch?v=_l3ySVKYVJ8
Good Mornings,Stretching,Foam Roller,Upper body,Pull,"Abdominals, Obliques","Step forward, lower your body until your knee almost touches the floor, then push back up.",https://www.youtube.com/watch?v=B-aVuyhvLHU
Chin-Ups,Warm-up,Kettlebell,Lower body,Hold,"Abdominals, Obliques","Lie on your back, pedaling your legs while bringing the opposite elbow to the knee.",https://www.youtube.com/watch?v=_l3ySVKYVJ8
Leg Extension,Strength,Kettlebell,Upper body,Stretch,"Chest, Triceps, Shoulders","Pull the band down toward your chest, keeping elbows pointed downward.",https://www.youtube.com/watch?v=CAwf7n6Luuc
Deadlift,Cardio,Foam Roller,Core,Hold,"Biceps, Forearms","Keep your body straight, lower your chest to the floor, and push back up.",https://www.youtube.com/watch?v=aclHkVaku9U
Single-Leg Deadlift,Stretching,Barbell,Upper body,Stretch,"Abdominals, Obliques","Lift the barbell by straightening your hips and knees, keeping your back flat.",https://www.youtube.com/watch?v=ykJmrZ5v0Oo
Foam Rolling,Warm-up,Barbell,Lower body,Push,"Lower Abdominals, Hip Flexors","Lower your hips down and back as if sitting in a chair, then return to standing.",https://www.youtube.com/watch?v=pSHjTRCQxIw
Chest Stretch,Stretching,Foam Roller,Upper body,Stretch,"Lats, Biceps, Rear Delts","Stand straight, curl the weights toward your shoulders and lower them slowly.",https://www.youtube.com/watch?v=ykJmrZ5v0Oo
Boxing Drills,Mobility,Resistance Band,Lower body,Push,"Lower Abdominals, Hip Flexors","Stand straight, curl the weights toward your shoulders and lower them slowly.",https://www.youtube.com/watch?v=CAwf7n6Luuc
Treadmill Sprint,Strength,Kettlebell,Core,Push,"Quadriceps, Glutes, Hamstrings","Maintain a straight line from head to heels, holding your body tight.",https://www.youtube.com/watch?v=CAwf7n6Luuc
Air Bike,Stretching,Foam Roller,Core,Stretch,"Lats, Biceps, Rear Delts","Lie on your back, pedaling your legs while bringing the opposite elbow to the knee.",https://www.youtube.com/watch?v=B-aVuyhvLHU
Hammer Curl,Warm-up,Dumbbells,Lower body,Pull,"Hip Flexors, Glutes","Lift the barbell by straightening your hips and knees, keeping your back flat.",https://www.youtube.com/watch?v=pSHjTRCQxIw
Stretching Routine,Strength,Bodyweight,Core,Hold,"Quadriceps, Glutes, Hamstrings","Lie on your back, lift your legs until they are perpendicular to the floor, then lower slowly.",https://www.youtube.com/watch?v=CAwf7n6Luuc
Yoga Flow,Stretching,Kettlebell,Core,Stretch,"Quadriceps, Glutes, Hamstrings","Lie on your back, lift your legs until they are perpendicular to the floor, then lower slowly.",https://www.youtube.com/watch?v=aclHkVaku9U
Hanging Leg Raise,Cardio,Kettlebell,Lower body,Hold,"Hamstrings, Glutes, Lower Back","Lie on your back, lift your legs until they are perpendicular to the floor, then lower slowly.",https://www.youtube.com/watch?v=QOVaHwm-Q6U
Step-Ups,Cardio,Barbell,Core,Stretch,"Lats, Biceps, Rear Delts","Lift the barbell by straightening your hips and knees, keeping your back flat.",https://www.youtube.com/watch?v=QOVaHwm-Q6U
Front Raises,Strength,Barbell,Lower body,Push,"Abdominals, Lower Back, Shoulders","Lift the barbell by straightening your hips and knees, keeping your back flat.",https://www.youtube.com/watch?v=op9kVnSso6Q
Push-Ups,Warm-up,Bodyweight,Lower body,Stretch,"Shoulders, Triceps","Keep your body straight, lower your chest to the floor, and push back up.",https://www.youtube.com/watch?v=aclHkVaku9U
Bent Over Row,Warm-up,Kettlebell,Lower body,Stretch,"Chest, Triceps, Shoulders","Lower your hips down and back as if sitting in a chair, then return to standing.",https://www.youtube.com/watch?v=_l3ySVKYVJ8
Hip Flexor Stretch,Stretching,Bodyweight,Lower body,Push,"Abdominals, Obliques","Step forward, lower your body until your knee almost touches the floor, then push back up.",https://www.youtube.com/watch?v=9FGilxCbdz8
Neck Stretch,Strength,Dumbbells,Lower body,Pull,"Hip Flexors, Glutes","Keep your body straight, lower your chest to the floor, and push back up.",https://www.youtube.com/watch?v=9FGilxCbdz8
Step-Ups,Mobility,Bodyweight,Upper body,Hold,"Biceps, Forearms","Lie on your back, pedaling your legs while bringing the opposite elbow to the knee.",https://www.youtube.com/watch?v=9FGilxCbdz8
Flutter Kicks,Cardio,Kettlebell,Core,Push,"Abdominals, Obliques","Maintain a straight line from head to heels, holding your body tight.",https://www.youtube.com/watch?v=aclHkVaku9U
Seated Calf Raise,Cardio,Foam Roller,Lower body,Pull,"Lower Abdominals, Hip Flexors","Pull the band down toward your chest, keeping elbows pointed downward.",https://www.youtube.com/watch?v=JB2oyawG9KI
Face Pulls,Strength,Kettlebell,Lower body,Pull,"Hip Flexors, Glutes","Lie on your back, pedaling your legs while bringing the opposite elbow to the knee.",https://www.youtube.com/watch?v=aclHkVaku9U
Sled Push,Warm-up,Dumbbells,Upper body,Stretch,"Lower Abdominals, Hip Flexors","Stand straight, curl the weights toward your shoulders and lower them slowly.",https://www.youtube.com/watch?v=CAwf7n6Luuc
Chest Stretch,Mobility,Resistance Band,Core,Stretch,"Abdominals, Obliques","Step forward, lower your body until your knee almost touches the floor, then push back up.",https://www.youtube.com/watch?v=_l3ySVKYVJ8
Hamstring Stretch,Cardio,Kettlebell,Core,Hold,"Abdominals, Obliques","Lower your hips down and back as if sitting in a chair, then return to standing.",https://www.youtube.com/watch?v=ykJmrZ5v0Oo
Ankle Circles,Mobility,Resistance Band,Core,Stretch,"Hip Flexors, Glutes","Lower your hips down and back as if sitting in a chair, then return to standing.",https://www.youtube.com/watch?v=CAwf7n6Luuc
Pull-Ups,Warm-up,Foam Roller,Upper body,Stretch,"Quadriceps, Glutes, Hamstrings","Lie on your back, pedaling your legs while bringing the opposite elbow to the knee.",https://www.youtube.com/watch?v=op9kVnSso6Q
Hanging Leg Raise,Stretching,Kettlebell,Core,Stretch,"Abdominals, Lower Back, Shoulders","Maintain a straight line from head to heels, holding your body tight.",https://www.youtube.com/watch?v=9FGilxCbdz8
Sled Pull,Warm-up,Dumbbells,Core,Pull,"Hip Flexors, Glutes","Step forward, lower your body until your knee almost touches the floor, then push back up.",https://www.youtube.com/watch?v=aclHkVaku9U
Russian Twists,Mobility,Resistance Band,Lower body,Stretch,"Lower Abdominals, Hip Flexors","Step forward, lower your body until your knee almost touches the floor, then push back up.",https://www.youtube.com/watch?v=op9kVnSso6Q
Tricep Extension,Warm-up,Foam Roller,Upper body,Stretch,"Abdominals, Lower Back, Shoulders","Stand straight, curl the weights toward your shoulders and lower them slowly.",https://www.youtube.com/watch?v=aclHkVaku9U
Shoulder Stretch,Strength,Kettlebell,Upper body,Push,"Shoulders, Triceps","Press the weights overhead until your arms are fully extended, then lower them back down.",https://www.youtube.com/watch?v=JB2oyawG9KI
Stretching Routine,Cardio,Dumbbells,Core,Stretch,"Shoulders, Triceps","Lie on your back, pedaling your legs while bringing the opposite elbow to the knee.",https://www.youtube.com/watch?v=B-aVuyhvLHU
Child's Pose,Cardio,Resistance Band,Core,Hold,"Hamstrings, Glutes, Lower Back","Lift the barbell by straightening your hips and knees, keeping your back flat.",https://www.youtube.com/watch?v=op9kVnSso6Q
Zercher Squat,Mobility,Resistance Band,Upper body,Pull,"Biceps, Forearms","Pull the band down toward your chest, keeping elbows pointed downward.",https://www.youtube.com/watch?v=9FGilxCbdz8
Medicine Ball Toss,Stretching,Foam Roller,Upper body,Push,"Hamstrings, Glutes, Lower Back","Step forward, lower your body until your knee almost touches the floor, then push back up.",https://www.youtube.com/watch?v=aclHkVaku9U
Hollow Hold,Strength,Barbell,Core,Pull,"Abdominals, Lower Back, Shoulders","Lie on your back, pedaling your legs while bringing the opposite elbow to the knee.",https://www.youtube.com/watch?v=ykJmrZ5v0Oo
Yoga Flow,Stretching,Barbell,Lower body,Hold,"Biceps, Forearms","Lift the barbell by straightening your hips and knees, keeping your back flat.",https://www.youtube.com/watch?v=aclHkVaku9U
Burpees,Stretching,Foam Roller,Core,Hold,"Hamstrings, Glutes, Lower Back","Step forward, lower your body until your knee almost touches the floor, then push back up.",https://www.youtube.com/watch?v=JB2oyawG9KI
Pull-Ups,Stretching,Foam Roller,Upper body,Push,"Quadriceps, Glutes, Hamstrings","Stand straight, curl the weights toward your shoulders and lower them slowly.",https://www.youtube.com/watch?v=aclHkVaku9U
Reverse Crunch,Strength,Foam Roller,Lower body,Hold,"Biceps, Forearms","Keep your body straight, lower your chest to the floor, and push back up.",https://www.youtube.com/watch?v=pSHjTRCQxIw
High Knees,Cardio,Dumbbells,Core,Pull,"Lats, Biceps, Rear Delts","Stand straight, curl the weights toward your shoulders and lower them slowly.",https://www.youtube.com/watch?v=CAwf7n6Luuc
Handstand Hold,Warm-up,Bodyweight,Core,Hold,"Lats, Biceps, Rear Delts","Lie on your back, lift your legs until they are perpendicular to the floor, then lower slowly.",https://www.youtube.com/watch?v=9FGilxCbdz8
Front Raises,Strength,Kettlebell,Lower body,Stretch,"Lower Abdominals, Hip Flexors","Stand straight, curl the weights toward your shoulders and lower them slowly.",https://www.youtube.com/watch?v=B-aVuyhvLHU
Cable Fly,Cardio,Kettlebell,Core,Pull,"Quadriceps, Glutes, Hamstrings","Press the weights overhead until your arms are fully extended, then lower them back down.",https://www.youtube.com/watch?v=B-aVuyhvLHU
Windshield Wipers,Stretching,Barbell,Lower body,Push,"Quadriceps, Glutes, Hamstrings","Maintain a straight line from head to heels, holding your body tight.",https://www.youtube.com/watch?v=QOVaHwm-Q6U
Russian Twists,Warm-up,Kettlebell,Lower body,Push,"Shoulders, Triceps","Maintain a straight line from head to heels, holding your body tight.",https://www.youtube.com/watch?v=9FGilxCbdz8
Front Raises,Cardio,Resistance Band,Core,Push,"Hamstrings, Glutes, Lower Back","Lie on your back, lift your legs until they are perpendicular to the floor, then lower slowly.",https://www.youtube.com/watch?v=CAwf7n6Luuc
Seated Row,Cardio,Dumbbells,Upper body,Push,"Hip Flexors, Glutes","Pull the band down toward your chest, keeping elbows pointed downward.",https://www.youtube.com/watch?v=QOVaHwm-Q6U
Kettlebell Swing,Strength,Bodyweight,Upper body,Pull,"Lower Abdominals, Hip Flexors","Step forward, lower your body until your knee almost touches the floor, then push back up.",https://www.youtube.com/watch?v=aclHkVaku9U
Bird Dog,Cardio,Dumbbells,Core,Hold,"Hip Flexors, Glutes","Lie on your back, lift your legs until they are perpendicular to the floor, then lower slowly.",https://www.youtube.com/watch?v=_l3ySVKYVJ8
Turkish Get-Up,Stretching,Barbell,Lower body,Pull,"Hamstrings, Glutes, Lower Back","Keep your body straight, lower your chest to the floor, and push back up.",https://www.youtube.com/watch?v=aclHkVaku9U
Chest Stretch,Stretching,Foam Roller,Upper body,Push,"Biceps, Forearms","Maintain a straight line from head to heels, holding your body tight.",https://www.youtube.com/watch?v=9FGilxCbdz8
High Knees,Stretching,Dumbbells,Lower body,Push,"Abdominals, Obliques","Press the weights overhead until your arms are fully extended, then lower them back down.",https://www.youtube.com/watch?v=aclHkVaku9U
Lunge Stretch,Mobility,Barbell,Lower body,Stretch,"Chest, Triceps, Shoulders","Pull the band down toward your chest, keeping elbows pointed downward.",https://www.youtube.com/watch?v=QOVaHwm-Q6U
Dips,Stretching,Bodyweight,Upper body,Pull,"Lower Abdominals, Hip Flexors","Step forward, lower your body until your knee almost touches the floor, then push back up.",https://www.youtube.com/watch?v=CAwf7n6Luuc
Medicine Ball Slam,Stretching,Barbell,Core,Push,"Quadriceps, Glutes, Hamstrings","Lie on your back, pedaling your legs while bringing the opposite elbow to the knee.",https://www.youtube.com/watch?v=_l3ySVKYVJ8
Lateral Raises,Mobility,Barbell,Core,Push,"Lats, Biceps, Rear Delts","Lie on your back, lift your legs until they are perpendicular to the floor, then lower slowly.",https://www.youtube.com/watch?v=9FGilxCbdz8
Medicine Ball Slam,Stretching,Barbell,Lower body,Stretch,"Abdominals, Lower Back, Shoulders","Press the weights overhead until your arms are fully extended, then lower them back down.",https://www.youtube.com/watch?v=JB2oyawG9KI
Hip Thrusts,Mobility,Resistance Band,Upper body,Hold,"Lats, Biceps, Rear Delts","Pull the band down toward your chest, keeping elbows pointed downward.",https://www.youtube.com/watch?v=JB2oyawG9KI
Jump Squats,Strength,Bodyweight,Core,Hold,"Quadriceps, Glutes, Hamstrings","Stand straight, curl the weights toward your shoulders and lower them slowly.",https://www.youtube.com/watch?v=op9kVnSso6Q
Medicine Ball Slam,Mobility,Resistance Band,Lower body,Stretch,"Hamstrings, Glutes, Lower Back","Keep your body straight, lower your chest to the floor, and push back up.",https://www.youtube.com/watch?v=ykJmrZ5v0Oo
Shoulder Stretch,Strength,Foam Roller,Core,Push,"Biceps, Forearms","Maintain a straight line from head to heels, holding your body tight.",https://www.youtube.com/watch?v=ykJmrZ5v0Oo
Goblet Squat,Cardio,Foam Roller,Core,Hold,"Quadriceps, Glutes, Hamstrings","Lie on your back, pedaling your legs while bringing the opposite elbow to the knee.",https://www.youtube.com/watch?v=_l3ySVKYVJ8
Seated Row,Warm-up,Kettlebell,Lower body,Stretch,"Lats, Biceps, Rear Delts","Maintain a straight line from head to heels, holding your body tight.",https://www.youtube.com/watch?v=pSHjTRCQxIw
Tricep Extension,Cardio,Dumbbells,Upper body,Hold,"Chest, Triceps, Shoulders","Pull the band down toward your chest, keeping elbows pointed downward.",https://www.youtube.com/watch?v=pSHjTRCQxIw
Superman,Warm-up,Foam Roller,Upper body,Stretch,"Abdominals, Lower Back, Shoulders","Stand straight, curl the weights toward your shoulders and lower them slowly.",https://www.youtube.com/watch?v=_l3ySVKYVJ8
Overhead Press,Strength,Barbell,Lower body,Push,"Abdominals, Lower Back, Shoulders","Press the weights overhead until your arms are fully extended, then lower them back down.",https://www.youtube.com/watch?v=CAwf7n6Luuc
Boxing Drills,Mobility,Resistance Band,Lower body,Stretch,"Biceps, Forearms","Lie on your back, lift your legs until they are perpendicular to the floor, then lower slowly.",https://www.youtube.com/watch?v=B-aVuyhvLHU
Reverse Lunge,Cardio,Dumbbells,Core,Push,"Lower Abdominals, Hip Flexors","Pull the band down toward your chest, keeping elbows pointed downward.",https://www.youtube.com/watch?v=op9kVnSso6Q
High Knees,Cardio,Foam Roller,Lower body,Pull,"Chest, Triceps, Shoulders","Lift the barbell by straightening your hips and knees, keeping your back flat.",https://www.youtube.com/watch?v=JB2oyawG9KI
Handstand Hold,Cardio,Barbell,Lower body,Pull,"Quadriceps, Glutes, Hamstrings","Lie on your back, lift your legs until they are perpendicular to the floor, then lower slowly.",https://www.youtube.com/watch?v=_l3ySVKYVJ8
Mountain Climbers,Mobility,Kettlebell,Core,Push,"Quadriceps, Glutes, Hamstrings","Stand straight, curl the weights toward your shoulders and lower them slowly.",https://www.youtube.com/watch?v=CAwf7n6Luuc
Glute Bridges,Stretching,Dumbbells,Lower body,Hold,"Hip Flexors, Glutes","Lift the barbell by straightening your hips and knees, keeping your back flat.",https://www.youtube.com/watch?v=B-aVuyhvLHU
Diamond Push-Up,Cardio,Kettlebell,Core,Pull,"Lats, Biceps, Rear Delts","Step forward, lower your body until your knee almost touches the floor, then push back up.",https://www.youtube.com/watch?v=9FGilxCbdz8
Reverse Crunch,Cardio,Kettlebell,Upper body,Push,"Abdominals, Lower Back, Shoulders","Maintain a straight line from head to heels, holding your body tight.",https://www.youtube.com/watch?v=_l3ySVKYVJ8
Shoulder Stretch,Strength,Bodyweight,Core,Push,"Quadriceps, Glutes, Hamstrings","Lower your hips down and back as if sitting in a chair, then return to standing.",https://www.youtube.com/watch?v=op9kVnSso6Q
Dips,Warm-up,Foam Roller,Lower body,Hold,"Biceps, Forearms","Lift the barbell by straightening your hips and knees, keeping your back flat.",https://www.youtube.com/watch?v=pSHjTRCQxIw
Farmer's Walk,Cardio,Resistance Band,Lower body,Hold,"Chest, Triceps, Shoulders","Lie on your back, lift your legs until they are perpendicular to the floor, then lower slowly.",https://www.youtube.com/watch?v=pSHjTRCQxIw
Skull Crushers,Strength,Bodyweight,Upper body,Push,"Chest, Triceps, Shoulders","Press the weights overhead until your arms are fully extended, then lower them back down.",https://www.youtube.com/watch?v=9FGilxCbdz8
Handstand Hold,Stretching,Resistance Band,Core,Hold,"Hamstrings, Glutes, Lower Back","Keep your body straight, lower your chest to the floor, and push back up.",https://www.youtube.com/watch?v=ykJmrZ5v0Oo
Ankle Circles,Warm-up,Kettlebell,Upper body,Stretch,"Lats, Biceps, Rear Delts","Maintain a straight line from head to heels, holding your body tight.",https://www.youtube.com/watch?v=aclHkVaku9U
Flutter Kicks,Mobility,Dumbbells,Upper body,Stretch,"Biceps, Forearms","Step forward, lower your body until your knee almost touches the floor, then push back up.",https://www.youtube.com/watch?v=op9kVnSso6Q
Front Raises,Stretching,Kettlebell,Lower body,Hold,"Shoulders, Triceps","Stand straight, curl the weights toward your shoulders and lower them slowly.",https://www.youtube.com/watch?v=QOVaHwm-Q6U
Seated Row,Mobility,Barbell,Lower body,Hold,"Shoulders, Triceps","Lower your hips down and back as if sitting in a chair, then return to standing.",https://www.youtube.com/watch?v=B-aVuyhvLHU
Good Mornings,Stretching,Dumbbells,Lower body,Stretch,"Lats, Biceps, Rear Delts","Lower your hips down and back as if sitting in a chair, then return to standing.",https://www.youtube.com/watch?v=ykJmrZ5v0Oo
Chin-Ups,Strength,Dumbbells,Core,Pull,"Quadriceps, Glutes, Hamstrings","Lie on your back, pedaling your legs while bringing the opposite elbow to the knee.",https://www.youtube.com/watch?v=B-aVuyhvLHU
Sun Salutation,Mobility,Foam Roller,Core,Stretch,"Hip Flexors, Glutes","Lower your hips down and back as if sitting in a chair, then return to standing.",https://www.youtube.com/watch?v=ykJmrZ5v0Oo
Step-Ups,Strength,Barbell,Lower body,Stretch,"Abdominals, Lower Back, Shoulders","Lie on your back, lift your legs until they are perpendicular to the floor, then lower slowly.",https://www.youtube.com/watch?v=ykJmrZ5v0Oo
Rowing Machine,Cardio,Resistance Band,Upper body,Push,"Lats, Biceps, Rear Delts","Lower your hips down and back as if sitting in a chair, then return to standing.",https://www.youtube.com/watch?v=9FGilxCbdz8
Sled Push,Strength,Dumbbells,Upper body,Hold,"Chest, Triceps, Shoulders","Lift the barbell by straightening your hips and knees, keeping your back flat.",https://www.youtube.com/watch?v=9FGilxCbdz8
Bicep Curl,Stretching,Dumbbells,Lower body,Pull,"Shoulders, Triceps","Keep your body straight, lower your chest to the floor, and push back up.",https://www.youtube.com/watch?v=op9kVnSso6Q
Arm Circles,Strength,Kettlebell,Upper body,Push,"Quadriceps, Glutes, Hamstrings","Stand straight, curl the weights toward your shoulders and lower them slowly.",https://www.youtube.com/watch?v=op9kVnSso6Q
Calf Raises,Stretching,Foam Roller,Upper body,Pull,"Chest, Triceps, Shoulders","Press the weights overhead until your arms are fully extended, then lower them back down.",https://www.youtube.com/watch?v=aclHkVaku9U
Seated Calf Raise,Warm-up,Foam Roller,Core,Pull,"Shoulders, Triceps","Step forward, lower your body until your knee almost touches the floor, then push back up.",https://www.youtube.com/watch?v=CAwf7n6Luuc
Leg Curl,Mobility,Barbell,Lower body,Push,"Lower Abdominals, Hip Flexors","Lift the barbell by straightening your hips and knees, keeping your back flat.",https://www.youtube.com/watch?v=9FGilxCbdz8
Chest Stretch,Stretching,Bodyweight,Upper body,Stretch,"Abdominals, Obliques","Lower your hips down and back as if sitting in a chair, then return to standing.",https://www.youtube.com/watch?v=_l3ySVKYVJ8
Bench Press,Strength,Foam Roller,Upper body,Hold,"Hamstrings, Glutes, Lower Back","Step forward, lower your body until your knee almost touches the floor, then push back up.",https://www.youtube.com/watch?v=_l3ySVKYVJ8
Clamshells,Mobility,Dumbbells,Upper body,Push,"Quadriceps, Glutes, Hamstrings","Lift the barbell by straightening your hips and knees, keeping your back flat.",https://www.youtube.com/watch?v=CAwf7n6Luuc
Arnold Press,Strength,Barbell,Upper body,Hold,"Lats, Biceps, Rear Delts","Stand straight, curl the weights toward your shoulders and lower them slowly.",https://www.youtube.com/watch?v=ykJmrZ5v0Oo
Neck Stretch,Stretching,Resistance Band,Upper body,Pull,"Lats, Biceps, Rear Delts","Lie on your back, lift your legs until they are perpendicular to the floor, then lower slowly.",https://www.youtube.com/watch?v=QOVaHwm-Q6U
Sled Pull,Strength,Barbell,Upper body,Stretch,"Hip Flexors, Glutes","Lift the barbell by straightening your hips and knees, keeping your back flat.",https://www.youtube.com/watch?v=_l3ySVKYVJ8
Side Plank,Stretching,Dumbbells,Lower body,Push,"Shoulders, Triceps","Keep your body straight, lower your chest to the floor, and push back up.",https://www.youtube.com/watch?v=JB2oyawG9KI
Bent Over Row,Warm-up,Barbell,Upper body,Push,"Shoulders, Triceps","Keep your body straight, lower your chest to the floor, and push back up.",https://www.youtube.com/watch?v=B-aVuyhvLHU
Side Plank,Cardio,Bodyweight,Core,Pull,"Chest, Triceps, Shoulders","Press the weights overhead until your arms are fully extended, then lower them back down.",https://www.youtube.com/watch?v=ykJmrZ5v0Oo
Push-Ups,Mobility,Dumbbells,Upper body,Hold,"Biceps, Forearms","Lie on your back, lift your legs until they are perpendicular to the floor, then lower slowly.",https://www.youtube.com/watch?v=9FGilxCbdz8
Bench Press,Warm-up,Foam Roller,Upper body,Hold,"Quadriceps, Glutes, Hamstrings","Lie on your back, pedaling your legs while bringing the opposite elbow to the knee.",https://www.youtube.com/watch?v=B-aVuyhvLHU
Hammer Curl,Stretching,Foam Roller,Core,Stretch,"Lats, Biceps, Rear Delts","Lower your hips down and back as if sitting in a chair, then return to standing.",https://www.youtube.com/watch?v=_l3ySVKYVJ8
Crab Walk,Warm-up,Barbell,Lower body,Stretch,"Hamstrings, Glutes, Lower Back","Lower your hips down and back as if sitting in a chair, then return to standing.",https://www.youtube.com/watch?v=B-aVuyhvLHU
Child's Pose,Cardio,Foam Roller,Upper body,Push,"Shoulders, Triceps","Maintain a straight line from head to heels, holding your body tight.",https://www.youtube.com/watch?v=aclHkVaku9U
Sled Pull,Warm-up,Resistance Band,Lower body,Pull,"Hamstrings, Glutes, Lower Back","Pull the band down toward your chest, keeping elbows pointed downward.",https://www.youtube.com/watch?v=aclHkVaku9U
Box Jumps,Stretching,Dumbbells,Lower body,Hold,"Shoulders, Triceps","Step forward, lower your body until your knee almost touches the floor, then push back up.",https://www.youtube.com/watch?v=B-aVuyhvLHU
Hamstring Stretch,Stretching,Resistance Band,Core,Stretch,"Hip Flexors, Glutes","Stand straight, curl the weights toward your shoulders and lower them slowly.",https://www.youtube.com/watch?v=op9kVnSso6Q
Bench Press,Warm-up,Dumbbells,Upper body,Stretch,"Lower Abdominals, Hip Flexors","Lie on your back, lift your legs until they are perpendicular to the floor, then lower slowly.",https://www.youtube.com/watch?v=_l3ySVKYVJ8
Cable Curl,Warm-up,Barbell,Lower body,Pull,"Hip Flexors, Glutes","Keep your body straight, lower your chest to the floor, and push back up.",https://www.youtube.com/watch?v=aclHkVaku9U
Face Pulls,Mobility,Barbell,Lower body,Stretch,"Hamstrings, Glutes, Lower Back","Lie on your back, lift your legs until they are perpendicular to the floor, then lower slowly.",https://www.youtube.com/watch?v=op9kVnSso6Q
Neck Stretch,Stretching,Barbell,Upper body,Push,"Quadriceps, Glutes, Hamstrings","Maintain a straight line from head to heels, holding your body tight.",https://www.youtube.com/watch?v=JB2oyawG9KI
Burpees,Cardio,Bodyweight,Upper body,Pull,"Shoulders, Triceps","Lower your hips down and back as if sitting in a chair, then return to standing.",https://www.youtube.com/watch?v=op9kVnSso6Q
Wall Sit,Warm-up,Barbell,Lower body,Hold,"Hip Flexors, Glutes","Stand straight, curl the weights toward your shoulders and lower them slowly.",https://www.youtube.com/watch?v=9FGilxCbdz8
Air Bike,Mobility,Resistance Band,Core,Stretch,"Shoulders, Triceps","Step forward, lower your body until your knee almost touches the floor, then push back up.",https://www.youtube.com/watch?v=9FGilxCbdz8
Kettlebell Swing,Stretching,Kettlebell,Upper body,Push,"Hip Flexors, Glutes","Keep your body straight, lower your chest to the floor, and push back up.",https://www.youtube.com/watch?v=op9kVnSso6Q
Overhead Press,Strength,Foam Roller,Lower body,Push,"Chest, Triceps, Shoulders","Step forward, lower your body until your knee almost touches the floor, then push back up.",https://www.youtube.com/watch?v=aclHkVaku9U
Deadlifts,Stretching,Bodyweight,Core,Hold,"Chest, Triceps, Shoulders","Keep your body straight, lower your chest to the floor, and push back up.",https://www.youtube.com/watch?v=CAwf7n6Luuc
Overhead Press,Mobility,Foam Roller,Core,Pull,"Biceps, Forearms","Lie on your back, lift your legs until they are perpendicular to the floor, then lower slowly.",https://www.youtube.com/watch?v=9FGilxCbdz8
Diamond Push-Up,Warm-up,Kettlebell,Core,Stretch,"Quadriceps, Glutes, Hamstrings","Stand straight, curl the weights toward your shoulders and lower them slowly.",https://www.youtube.com/watch?v=QOVaHwm-Q6U
High Knees,Mobility,Dumbbells,Upper body,Stretch,"Hamstrings, Glutes, Lower Back","Maintain a straight line from head to heels, holding your body tight.",https://www.youtube.com/watch?v=JB2oyawG9KI
Front Raises,Mobility,Foam Roller,Core,Push,"Quadriceps, Glutes, Hamstrings","Lie on your back, lift your legs until they are perpendicular to the floor, then lower slowly.",https://www.youtube.com/watch?v=pSHjTRCQxIw
Diamond Push-Up,Warm-up,Kettlebell,Lower body,Push,"Biceps, Forearms","Lie on your back, lift your legs until they are perpendicular to the floor, then lower slowly.",https://www.youtube.com/watch?v=_l3ySVKYVJ8
Reverse Crunch,Mobility,Foam Roller,Upper body,Hold,"Lower Abdominals, Hip Flexors","Pull the band down toward your chest, keeping elbows pointed downward.",https://www.youtube.com/watch?v=pSHjTRCQxIw
Cable Fly,Cardio,Bodyweight,Core,Push,"Shoulders, Triceps","Maintain a straight line from head to heels, holding your body tight.",https://www.youtube.com/watch?v=CAwf7n6Luuc
Skull Crushers,Warm-up,Dumbbells,Lower body,Hold,"Lats, Biceps, Rear Delts","Pull the band down toward your chest, keeping elbows pointed downward.",https://www.youtube.com/watch?v=_l3ySVKYVJ8
Neck Stretch,Mobility,Bodyweight,Upper body,Stretch,"Lower Abdominals, Hip Flexors","Stand straight, curl the weights toward your shoulders and lower them slowly.",https://www.youtube.com/watch?v=aclHkVaku9U
Hanging Leg Raise,Strength,Resistance Band,Upper body,Pull,"Hip Flexors, Glutes","Lie on your back, pedaling your legs while bringing the opposite elbow to the knee.",https://www.youtube.com/watch?v=aclHkVaku9U
Battle Ropes,Mobility,Kettlebell,Upper body,Hold,"Abdominals, Obliques","Step forward, lower your body until your knee almost touches the floor, then push back up.",https://www.youtube.com/watch?v=aclHkVaku9U
Cable Curl,Cardio,Bodyweight,Upper body,Stretch,"Lats, Biceps, Rear Delts","Lower your hips down and back as if sitting in a chair, then return to standing.",https://www.youtube.com/watch?v=ykJmrZ5v0Oo
Sun Salutation,Strength,Resistance Band,Upper body,Stretch,"Hip Flexors, Glutes","Pull the band down toward your chest, keeping elbows pointed downward.",https://www.youtube.com/watch?v=ykJmrZ5v0Oo
Neck Stretch,Strength,Barbell,Lower body,Push,"Lower Abdominals, Hip Flexors","Lower your hips down and back as if sitting in a chair, then return to standing.",https://www.youtube.com/watch?v=QOVaHwm-Q6U
Bicep Curl,Strength,Kettlebell,Core,Pull,"Quadriceps, Glutes, Hamstrings","Lift the barbell by straightening your hips and knees, keeping your back flat.",https://www.youtube.com/watch?v=op9kVnSso6Q
Yoga Flow,Stretching,Resistance Band,Lower body,Pull,"Lats, Biceps, Rear Delts","Pull the band down toward your chest, keeping elbows pointed downward.",https://www.youtube.com/watch?v=pSHjTRCQxIw
Bird Dog,Strength,Bodyweight,Lower body,Stretch,"Shoulders, Triceps","Keep your body straight, lower your chest to the floor, and push back up.",https://www.youtube.com/watch?v=9FGilxCbdz8
Flutter Kicks,Stretching,Dumbbells,Core,Push,"Quadriceps, Glutes, Hamstrings","Keep your body straight, lower your chest to the floor, and push back up.",https://www.youtube.com/watch?v=JB2oyawG9KI
Handstand Hold,Mobility,Bodyweight,Core,Pull,"Quadriceps, Glutes, Hamstrings","Lie on your back, lift your legs until they are perpendicular to the floor, then lower slowly.",https://www.youtube.com/watch?v=B-aVuyhvLHU
Chin-Ups,Cardio,Resistance Band,Lower body,Push,"Quadriceps, Glutes, Hamstrings","Keep your body straight, lower your chest to the floor, and push back up.",https://www.youtube.com/watch?v=9FGilxCbdz8
Crab Walk,Cardio,Bodyweight,Core,Pull,"Hamstrings, Glutes, Lower Back","Lower your hips down and back as if sitting in a chair, then return to standing.",https://www.youtube.com/watch?v=JB2oyawG9KI
Seated Row,Warm-up,Resistance Band,Lower body,Pull,"Abdominals, Lower Back, Shoulders","Keep your body straight, lower your chest to the floor, and push back up.",https://www.youtube.com/watch?v=_l3ySVKYVJ8
Diamond Push-Up,Cardio,Barbell,Core,Pull,"Biceps, Forearms","Lower your hips down and back as if sitting in a chair, then return to standing.",https://www.youtube.com/watch?v=9FGilxCbdz8
Windshield Wipers,Warm-up,Resistance Band,Core,Pull,"Lower Abdominals, Hip Flexors","Lower your hips down and back as if sitting in a chair, then return to standing.",https://www.youtube.com/watch?v=_l3ySVKYVJ8
Handstand Hold,Warm-up,Kettlebell,Core,Push,"Abdominals, Obliques","Step forward, lower your body until your knee almost touches the floor, then push back up.",https://www.youtube.com/watch?v=QOVaHwm-Q6U
Wall Sit,Stretching,Foam Roller,Core,Stretch,"Shoulders, Triceps","Press the weights overhead until your arms are fully extended, then lower them back down.",https://www.youtube.com/watch?v=JB2oyawG9KI
Cable Curl,Mobility,Barbell,Lower body,Hold,"Abdominals, Lower Back, Shoulders","Step forward, lower your body until your knee almost touches the floor, then push back up.",https://www.youtube.com/watch?v=op9kVnSso6Q
Sled Push,Mobility,Kettlebell,Core,Hold,"Lower Abdominals, Hip Flexors","Stand straight, curl the weights toward your shoulders and lower them slowly.",https://www.youtube.com/watch?v=9FGilxCbdz8
Treadmill Sprint,Warm-up,Foam Roller,Lower body,Pull,"Lower Abdominals, Hip Flexors","Lift the barbell by straightening your hips and knees, keeping your back flat.",https://www.youtube.com/watch?v=pSHjTRCQxIw
Leg Extension,Strength,Foam Roller,Upper body,Pull,"Shoulders, Triceps","Step forward, lower your body until your knee almost touches the floor, then push back up.",https://www.youtube.com/watch?v=QOVaHwm-Q6U
Mountain Climbers,Stretching,Resistance Band,Core,Pull,"Biceps, Forearms","Lift the barbell by straightening your hips and knees, keeping your back flat.",https://www.youtube.com/watch?v=QOVaHwm-Q6U
Clamshells,Cardio,Resistance Band,Core,Stretch,"Chest, Triceps, Shoulders","Lower your hips down and back as if sitting in a chair, then return to standing.",https://www.youtube.com/watch?v=ykJmrZ5v0Oo
Child's Pose,Mobility,Dumbbells,Core,Pull,"Shoulders, Triceps","Stand straight, curl the weights toward your shoulders and lower them slowly.",https://www.youtube.com/watch?v=CAwf7n6Luuc
Diamond Push-Up,Cardio,Bodyweight,Core,Stretch,"Shoulders, Triceps","Lower your hips down and back as if sitting in a chair, then return to standing.",https://www.youtube.com/watch?v=B-aVuyhvLHU
Windshield Wipers,Stretching,Barbell,Upper body,Pull,"Lats, Biceps, Rear Delts","Lie on your back, pedaling your legs while bringing the opposite elbow to the knee.",https://www.youtube.com/watch?v=ykJmrZ5v0Oo
Crab Walk,Stretching,Barbell,Lower body,Stretch,"Quadriceps, Glutes, Hamstrings","Maintain a straight line from head to heels, holding your body tight.",https://www.youtube.com/watch?v=aclHkVaku9U
Bird Dog,Cardio,Resistance Band,Upper body,Stretch,"Lats, Biceps, Rear Delts","Lie on your back, lift your legs until they are perpendicular to the floor, then lower slowly.",https://www.youtube.com/watch?v=pSHjTRCQxIw
Tricep Extension,Cardio,Foam Roller,Core,Stretch,"Lats, Biceps, Rear Delts","Press the weights overhead until your arms are fully extended, then lower them back down.",https://www.youtube.com/watch?v=ykJmrZ5v0Oo
High Knees,Stretching,Foam Roller,Upper body,Hold,"Hip Flexors, Glutes","Lie on your back, lift your legs until they are perpendicular to the floor, then lower slowly.",https://www.youtube.com/watch?v=CAwf7n6Luuc
Wrist Flexor Stretch,Stretching,Foam Roller,Lower body,Hold,"Abdominals, Obliques","Lie on your back, lift your legs until they are perpendicular to the floor, then lower slowly.",https://www.youtube.com/watch?v=aclHkVaku9U
Medicine Ball Slam,Strength,Barbell,Lower body,Push,"Hip Flexors, Glutes","Pull the band down toward your chest, keeping elbows pointed downward.",https://www.youtube.com/watch?v=QOVaHwm-Q6U
Reverse Lunge,Stretching,Dumbbells,Core,Stretch,"Biceps, Forearms","Pull the band down toward your chest, keeping elbows pointed downward.",https://www.youtube.com/watch?v=JB2oyawG9KI
Bench Press,Strength,Resistance Band,Core,Push,"Lats, Biceps, Rear Delts","Keep your body straight, lower your chest to the floor, and push back up.",https://www.youtube.com/watch?v=ykJmrZ5v0Oo
Face Pulls,Mobility,Foam Roller,Core,Hold,"Chest, Triceps, Shoulders","Stand straight, curl the weights toward your shoulders and lower them slowly.",https://www.youtube.com/watch?v=9FGilxCbdz8
Handstand Hold,Strength,Kettlebell,Lower body,Stretch,"Biceps, Forearms","Maintain a straight line from head to heels, holding your body tight.",https://www.youtube.com/watch?v=op9kVnSso6Q
Arnold Press,Stretching,Bodyweight,Lower body,Stretch,"Hip Flexors, Glutes","Maintain a straight line from head to heels, holding your body tight.",https://www.youtube.com/watch?v=op9kVnSso6Q
Wall Sit,Cardio,Dumbbells,Core,Push,"Hip Flexors, Glutes","Stand straight, curl the weights toward your shoulders and lower them slowly.",https://www.youtube.com/watch?v=op9kVnSso6Q
Leg Curl,Mobility,Foam Roller,Upper body,Stretch,"Biceps, Forearms","Step forward, lower your body until your knee almost touches the floor, then push back up.",https://www.youtube.com/watch?v=B-aVuyhvLHU
Cable Fly,Mobility,Bodyweight,Upper body,Pull,"Quadriceps, Glutes, Hamstrings","Lie on your back, pedaling your legs while bringing the opposite elbow to the knee.",https://www.youtube.com/watch?v=ykJmrZ5v0Oo
Sun Salutation,Stretching,Kettlebell,Upper body,Stretch,"Abdominals, Lower Back, Shoulders","Lie on your back, pedaling your legs while bringing the opposite elbow to the knee.",https://www.youtube.com/watch?v=QOVaHwm-Q6U
Sled Push,Stretching,Kettlebell,Lower body,Stretch,"Quadriceps, Glutes, Hamstrings","Lower your hips down and back as if sitting in a chair, then return to standing.",https://www.youtube.com/watch?v=9FGilxCbdz8
Zercher Squat,Cardio,Bodyweight,Lower body,Push,"Lower Abdominals, Hip Flexors","Lower your hips down and back as if sitting in a chair, then return to standing.",https://www.youtube.com/watch?v=_l3ySVKYVJ8
Front Raises,Warm-up,Barbell,Upper body,Hold,"Quadriceps, Glutes, Hamstrings","Lie on your back, lift your legs until they are perpendicular to the floor, then lower slowly.",https://www.youtube.com/watch?v=9FGilxCbdz8
Sprint Intervals,Warm-up,Resistance Band,Upper body,Stretch,"Shoulders, Triceps","Lie on your back, lift your legs until they are perpendicular to the floor, then lower slowly.",https://www.youtube.com/watch?v=CAwf7n6Luuc
Medicine Ball Toss,Stretching,Resistance Band,Lower body,Pull,"Shoulders, Triceps","Lie on your back, pedaling your legs while bringing the opposite elbow to the knee.",https://www.youtube.com/watch?v=QOVaHwm-Q6U
Bear Crawl,Mobility,Barbell,Upper body,Hold,"Chest, Triceps, Shoulders","Pull the band down toward your chest, keeping elbows pointed downward.",https://www.youtube.com/watch?v=pSHjTRCQxIw
Bench Press,Mobility,Bodyweight,Core,Hold,"Chest, Triceps, Shoulders","Lower your hips down and back as if sitting in a chair, then return to standing.",https://www.youtube.com/watch?v=9FGilxCbdz8
Reverse Crunch,Cardio,Barbell,Lower body,Hold,"Lower Abdominals, Hip Flexors","Keep your body straight, lower your chest to the floor, and push back up.",https://www.youtube.com/watch?v=ykJmrZ5v0Oo
Mountain Climbers,Stretching,Dumbbells,Lower body,Pull,"Chest, Triceps, Shoulders","Lie on your back, lift your legs until they are perpendicular to the floor, then lower slowly.",https://www.youtube.com/watch?v=pSHjTRCQxIw
Box Jumps,Warm-up,Resistance Band,Lower body,Stretch,"Hip Flexors, Glutes","Stand straight, curl the weights toward your shoulders and lower them slowly.",https://www.youtube.com/watch?v=JB2oyawG9KI
Crab Walk,Strength,Foam Roller,Lower body,Push,"Shoulders, Triceps","Step forward, lower your body until your knee almost touches the floor, then push back up.",https://www.youtube.com/watch?v=aclHkVaku9U
Medicine Ball Toss,Mobility,Foam Roller,Upper body,Stretch,"Chest, Triceps, Shoulders","Lie on your back, lift your legs until they are perpendicular to the floor, then lower slowly.",https://www.youtube.com/watch?v=JB2oyawG9KI
Kettlebell Swing,Warm-up,Foam Roller,Core,Hold,"Lower Abdominals, Hip Flexors","Stand straight, curl the weights toward your shoulders and lower them slowly.",https://www.youtube.com/watch?v=op9kVnSso6Q
Cat-Cow Stretch,Cardio,Kettlebell,Lower body,Push,"Lats, Biceps, Rear Delts","Lift the barbell by straightening your hips and knees, keeping your back flat.",https://www.youtube.com/watch?v=op9kVnSso6Q
Kettlebell Swing,Mobility,Kettlebell,Lower body,Hold,"Hamstrings, Glutes, Lower Back","Keep your body straight, lower your chest to the floor, and push back up.",https://www.youtube.com/watch?v=QOVaHwm-Q6U
Boxing Drills,Cardio,Barbell,Core,Pull,"Abdominals, Lower Back, Shoulders","Maintain a straight line from head to heels, holding your body tight.",https://www.youtube.com/watch?v=QOVaHwm-Q6U
Medicine Ball Toss,Mobility,Barbell,Upper body,Stretch,"Hip Flexors, Glutes","Pull the band down toward your chest, keeping elbows pointed downward.",https://www.youtube.com/watch?v=aclHkVaku9U
Russian Twists,Cardio,Dumbbells,Core,Stretch,"Lats, Biceps, Rear Delts","Press the weights overhead until your arms are fully extended, then lower them back down.",https://www.youtube.com/watch?v=B-aVuyhvLHU
Turkish Get-Up,Strength,Barbell,Lower body,Hold,"Biceps, Forearms","Lie on your back, pedaling your legs while bringing the opposite elbow to the knee.",https://www.youtube.com/watch?v=_l3ySVKYVJ8
Medicine Ball Toss,Cardio,Bodyweight,Upper body,Pull,"Lats, Biceps, Rear Delts","Stand straight, curl the weights toward your shoulders and lower them slowly.",https://www.youtube.com/watch?v=B-aVuyhvLHU
Battle Ropes,Stretching,Resistance Band,Lower body,Hold,"Hamstrings, Glutes, Lower Back","Maintain a straight line from head to heels, holding your body tight.",https://www.youtube.com/watch?v=pSHjTRCQxIw
Renegade Row,Mobility,Resistance Band,Lower body,Push,"Hip Flexors, Glutes","Step forward, lower your body until your knee almost touches the floor, then push back up.",https://www.youtube.com/watch?v=pSHjTRCQxIw
Clamshells,Stretching,Kettlebell,Lower body,Push,"Lower Abdominals, Hip Flexors","Pull the band down toward your chest, keeping elbows pointed downward.",https://www.youtube.com/watch?v=pSHjTRCQxIw
Bird Dog,Strength,Foam Roller,Lower body,Push,"Lats, Biceps, Rear Delts","Lower your hips down and back as if sitting in a chair, then return to standing.",https://www.youtube.com/watch?v=pSHjTRCQxIw
Zercher Squat,Cardio,Dumbbells,Upper body,Hold,"Abdominals, Lower Back, Shoulders","Pull the band down toward your chest, keeping elbows pointed downward.",https://www.youtube.com/watch?v=B-aVuyhvLHU
Cable Curl,Cardio,Bodyweight,Lower body,Pull,"Abdominals, Obliques","Lower your hips down and back as if sitting in a chair, then return to standing.",https://www.youtube.com/watch?v=CAwf7n6Luuc
Battle Ropes,Cardio,Bodyweight,Core,Stretch,"Chest, Triceps, Shoulders","Lie on your back, lift your legs until they are perpendicular to the floor, then lower slowly.",https://www.youtube.com/watch?v=ykJmrZ5v0Oo
Shoulder Stretch,Stretching,Bodyweight,Upper body,Push,"Biceps, Forearms","Lower your hips down and back as if sitting in a chair, then return to standing.",https://www.youtube.com/watch?v=pSHjTRCQxIw
Push-Ups,Strength,Bodyweight,Upper body,Pull,"Quadriceps, Glutes, Hamstrings","Stand straight, curl the weights toward your shoulders and lower them slowly.",https://www.youtube.com/watch?v=QOVaHwm-Q6U
Pull-Ups,Stretching,Barbell,Core,Stretch,"Abdominals, Obliques","Stand straight, curl the weights toward your shoulders and lower them slowly.",https://www.youtube.com/watch?v=9FGilxCbdz8
Good Mornings,Stretching,Resistance Band,Core,Hold,"Chest, Triceps, Shoulders","Lie on your back, pedaling your legs while bringing the opposite elbow to the knee.",https://www.youtube.com/watch?v=pSHjTRCQxIw
Front Raises,Warm-up,Barbell,Lower body,Hold,"Hip Flexors, Glutes","Lower your hips down and back as if sitting in a chair, then return to standing.",https://www.youtube.com/watch?v=op9kVnSso6Q
Quad Stretch,Cardio,Dumbbells,Upper body,Stretch,"Biceps, Forearms","Stand straight, curl the weights toward your shoulders and lower them slowly.",https://www.youtube.com/watch?v=op9kVnSso6Q
Bird Dog,Stretching,Dumbbells,Core,Push,"Lats, Biceps, Rear Delts","Pull the band down toward your chest, keeping elbows pointed downward.",https://www.youtube.com/watch?v=ykJmrZ5v0Oo
Quad Stretch,Strength,Resistance Band,Lower body,Stretch,"Abdominals, Obliques","Pull the band down toward your chest, keeping elbows pointed downward.",https://www.youtube.com/watch?v=9FGilxCbdz8
Turkish Get-Up,Warm-up,Foam Roller,Core,Pull,"Abdominals, Lower Back, Shoulders","Pull the band down toward your chest, keeping elbows pointed downward.",https://www.youtube.com/watch?v=B-aVuyhvLHU
Windshield Wipers,Mobility,Resistance Band,Upper body,Hold,"Chest, Triceps, Shoulders","Lie on your back, pedaling your legs while bringing the opposite elbow to the knee.",https://www.youtube.com/watch?v=_l3ySVKYVJ8
Turkish Get-Up,Strength,Bodyweight,Core,Push,"Quadriceps, Glutes, Hamstrings","Lie on your back, pedaling your legs while bringing the opposite elbow to the knee.",https://www.youtube.com/watch?v=op9kVnSso6Q
Glute Bridges,Warm-up,Barbell,Core,Push,"Chest, Triceps, Shoulders","Stand straight, curl the weights toward your shoulders and lower them slowly.",https://www.youtube.com/watch?v=aclHkVaku9U
Sprint Intervals,Mobility,Bodyweight,Lower body,Stretch,"Biceps, Forearms","Lie on your back, pedaling your legs while bringing the opposite elbow to the knee.",https://www.youtube.com/watch?v=ykJmrZ5v0Oo
Treadmill Sprint,Warm-up,Kettlebell,Lower body,Hold,"Quadriceps, Glutes, Hamstrings","Stand straight, curl the weights toward your shoulders and lower them slowly.",https://www.youtube.com/watch?v=9FGilxCbdz8
Goblet Squat,Stretching,Dumbbells,Core,Stretch,"Quadriceps, Glutes, Hamstrings","Stand straight, curl the weights toward your shoulders and lower them slowly.",https://www.youtube.com/watch?v=pSHjTRCQxIw
Seated Calf Raise,Cardio,Barbell,Core,Stretch,"Biceps, Forearms","Maintain a straight line from head to heels, holding your body tight.",https://www.youtube.com/watch?v=CAwf7n6Luuc
Russian Twists,Cardio,Kettlebell,Core,Stretch,"Biceps, Forearms","Lie on your back, lift your legs until they are perpendicular to the floor, then lower slowly.",https://www.youtube.com/watch?v=aclHkVaku9U
Hanging Leg Raise,Warm-up,Dumbbells,Lower body,Hold,"Biceps, Forearms","Keep your body straight, lower your chest to the floor, and push back up.",https://www.youtube.com/watch?v=aclHkVaku9U
Cable Fly,Strength,Foam Roller,Lower body,Push,"Biceps, Forearms","Lie on your back, pedaling your legs while bringing the opposite elbow to the knee.",https://www.youtube.com/watch?v=aclHkVaku9U
Zercher Squat,Stretching,Foam Roller,Upper body,Hold,"Hip Flexors, Glutes","Stand straight, curl the weights toward your shoulders and lower them slowly.",https://www.youtube.com/watch?v=_l3ySVKYVJ8
Ankle Circles,Strength,Foam Roller,Core,Stretch,"Abdominals, Lower Back, Shoulders","Lift the barbell by straightening your hips and knees, keeping your back flat.",https://www.youtube.com/watch?v=aclHkVaku9U
Reverse Lunge,Warm-up,Kettlebell,Lower body,Push,"Quadriceps, Glutes, Hamstrings","Stand straight, curl the weights toward your shoulders and lower them slowly.",https://www.youtube.com/watch?v=QOVaHwm-Q6U
Bench Press,Mobility,Foam Roller,Lower body,Pull,"Abdominals, Obliques","Lie on your back, pedaling your legs while bringing the opposite elbow to the knee.",https://www.youtube.com/watch?v=aclHkVaku9U
Dips,Stretching,Foam Roller,Lower body,Stretch,"Hip Flexors, Glutes","Press the weights overhead until your arms are fully extended, then lower them back down.",https://www.youtube.com/watch?v=aclHkVaku9U
Renegade Row,Warm-up,Resistance Band,Lower body,Push,"Hip Flexors, Glutes","Stand straight, curl the weights toward your shoulders and lower them slowly.",https://www.youtube.com/watch?v=B-aVuyhvLHU
Reverse Lunge,Cardio,Barbell,Core,Push,"Chest, Triceps, Shoulders","Stand straight, curl the weights toward your shoulders and lower them slowly.",https://www.youtube.com/watch?v=CAwf7n6Luuc
Flutter Kicks,Strength,Dumbbells,Lower body,Push,"Chest, Triceps, Shoulders","Lie on your back, lift your legs until they are perpendicular to the floor, then lower slowly.",https://www.youtube.com/watch?v=QOVaHwm-Q6U
Plank,Stretching,Barbell,Core,Push,"Chest, Triceps, Shoulders","Stand straight, curl the weights toward your shoulders and lower them slowly.",https://www.youtube.com/watch?v=9FGilxCbdz8
Overhead Press,Mobility,Dumbbells,Lower body,Push,"Lats, Biceps, Rear Delts","Pull the band down toward your chest, keeping elbows pointed downward.",https://www.youtube.com/watch?v=aclHkVaku9U
Leg Extension,Stretching,Kettlebell,Core,Push,"Lats, Biceps, Rear Delts","Maintain a straight line from head to heels, holding your body tight.",https://www.youtube.com/watch?v=JB2oyawG9KI
Kettlebell Swing,Warm-up,Resistance Band,Upper body,Push,"Quadriceps, Glutes, Hamstrings","Press the weights overhead until your arms are fully extended, then lower them back down.",https://www.youtube.com/watch?v=CAwf7n6Luuc
Reverse Crunch,Stretching,Kettlebell,Upper body,Push,"Shoulders, Triceps","Lift the barbell by straightening your hips and knees, keeping your back flat.",https://www.youtube.com/watch?v=_l3ySVKYVJ8
Child's Pose,Mobility,Dumbbells,Upper body,Stretch,"Hip Flexors, Glutes","Lift the barbell by straightening your hips and knees, keeping your back flat.",https://www.youtube.com/watch?v=CAwf7n6Luuc
Lateral Raises,Mobility,Dumbbells,Lower body,Stretch,"Chest, Triceps, Shoulders","Lie on your back, lift your legs until they are perpendicular to the floor, then lower slowly.",https://www.youtube.com/watch?v=_l3ySVKYVJ8
Lunge Stretch,Mobility,Barbell,Core,Pull,"Quadriceps, Glutes, Hamstrings","Step forward, lower your body until your knee almost touches the floor, then push back up.",https://www.youtube.com/watch?v=CAwf7n6Luuc
Box Jumps,Stretching,Dumbbells,Core,Push,"Shoulders, Triceps","Pull the band down toward your chest, keeping elbows pointed downward.",https://www.youtube.com/watch?v=op9kVnSso6Q
Cable Curl,Stretching,Bodyweight,Lower body,Push,"Lower Abdominals, Hip Flexors","Lift the barbell by straightening your hips and knees, keeping your back flat.",https://www.youtube.com/watch?v=JB2oyawG9KI
Burpees,Stretching,Dumbbells,Upper body,Push,"Shoulders, Triceps","Press the weights overhead until your arms are fully extended, then lower them back down.",https://www.youtube.com/watch?v=JB2oyawG9KI
Farmer's Walk,Stretching,Bodyweight,Lower body,Pull,"Lower Abdominals, Hip Flexors","Lie on your back, pedaling your legs while bringing the opposite elbow to the knee.",https://www.youtube.com/watch?v=_l3ySVKYVJ8
Shoulder Stretch,Mobility,Barbell,Lower body,Push,"Chest, Triceps, Shoulders","Lie on your back, pedaling your legs while bringing the opposite elbow to the knee.",https://www.youtube.com/watch?v=op9kVnSso6Q
Deadlifts,Strength,Bodyweight,Upper body,Pull,"Abdominals, Lower Back, Shoulders","Lift the barbell by straightening your hips and knees, keeping your back flat.",https://www.youtube.com/watch?v=B-aVuyhvLHU
Bicep Curl,Warm-up,Dumbbells,Upper body,Push,"Abdominals, Obliques","Pull the band down toward your chest, keeping elbows pointed downward.",https://www.youtube.com/watch?v=JB2oyawG9KI
Crab Walk,Stretching,Barbell,Lower body,Hold,"Hamstrings, Glutes, Lower Back","Lift the barbell by straightening your hips and knees, keeping your back flat.",https://www.youtube.com/watch?v=B-aVuyhvLHU
Treadmill Sprint,Strength,Bodyweight,Lower body,Push,"Shoulders, Triceps","Step forward, lower your body until your knee almost touches the floor, then push back up.",https://www.youtube.com/watch?v=QOVaHwm-Q6U
Ankle Circles,Mobility,Bodyweight,Core,Stretch,"Abdominals, Obliques","Lie on your back, pedaling your legs while bringing the opposite elbow to the knee.",https://www.youtube.com/watch?v=op9kVnSso6Q
Arm Circles,Stretching,Foam Roller,Core,Stretch,"Lats, Biceps, Rear Delts","Keep your body straight, lower your chest to the floor, and push back up.",https://www.youtube.com/watch?v=aclHkVaku9U
Child's Pose,Strength,Foam Roller,Lower body,Hold,"Lower Abdominals, Hip Flexors","Keep your body straight, lower your chest to the floor, and push back up.",https://www.youtube.com/watch?v=9FGilxCbdz8
Medicine Ball Toss,Warm-up,Dumbbells,Core,Hold,"Lats, Biceps, Rear Delts","Keep your body straight, lower your chest to the floor, and push back up.",https://www.youtube.com/watch?v=_l3ySVKYVJ8
Stretching Routine,Cardio,Bodyweight,Lower body,Pull,"Abdominals, Lower Back, Shoulders","Lie on your back, lift your legs until they are perpendicular to the floor, then lower slowly.",https://www.youtube.com/watch?v=ykJmrZ5v0Oo
Wrist Flexor Stretch,Strength,Foam Roller,Upper body,Hold,"Hamstrings, Glutes, Lower Back","Lie on your back, lift your legs until they are perpendicular to the floor, then lower slowly.",https://www.youtube.com/watch?v=pSHjTRCQxIw
Air Bike,Cardio,Barbell,Upper body,Pull,"Hamstrings, Glutes, Lower Back","Stand straight, curl the weights toward your shoulders and lower them slowly.",https://www.youtube.com/watch?v=pSHjTRCQxIw
Incline Dumbbell Press,Strength,Foam Roller,Lower body,Push,"Hamstrings, Glutes, Lower Back","Lift the barbell by straightening your hips and knees, keeping your back flat.",https://www.youtube.com/watch?v=ykJmrZ5v0Oo
Russian Twists,Stretching,Foam Roller,Upper body,Push,"Hip Flexors, Glutes","Lie on your back, pedaling your legs while bringing the opposite elbow to the knee.",https://www.youtube.com/watch?v=pSHjTRCQxIw
Handstand Hold,Strength,Bodyweight,Upper body,Stretch,"Biceps, Forearms","Pull the band down toward your chest, keeping elbows pointed downward.",https://www.youtube.com/watch?v=ykJmrZ5v0Oo
Diamond Push-Up,Stretching,Barbell,Lower body,Stretch,"Quadriceps, Glutes, Hamstrings","Step forward, lower your body until your knee almost touches the floor, then push back up.",https://www.youtube.com/watch?v=aclHkVaku9U
Battle Ropes,Cardio,Bodyweight,Lower body,Hold,"Hamstrings, Glutes, Lower Back","Press the weights overhead until your arms are fully extended, then lower them back down.",https://www.youtube.com/watch?v=op9kVnSso6Q
Handstand Hold,Cardio,Resistance Band,Lower body,Pull,"Abdominals, Obliques","Lower your hips down and back as if sitting in a chair, then return to standing.",https://www.youtube.com/watch?v=CAwf7n6Luuc
High Knees,Cardio,Foam Roller,Upper body,Stretch,"Lats, Biceps, Rear Delts","Stand straight, curl the weights toward your shoulders and lower them slowly.",https://www.youtube.com/watch?v=QOVaHwm-Q6U
Treadmill Sprint,Warm-up,Resistance Band,Core,Pull,"Hip Flexors, Glutes","Lift the barbell by straightening your hips and knees, keeping your back flat.",https://www.youtube.com/watch?v=QOVaHwm-Q6U
Box Jumps,Mobility,Dumbbells,Lower body,Stretch,"Lower Abdominals, Hip Flexors","Keep your body straight, lower your chest to the floor, and push back up.",https://www.youtube.com/watch?v=pSHjTRCQxIw
Cable Fly,Cardio,Bodyweight,Lower body,Hold,"Lower Abdominals, Hip Flexors","Keep your body straight, lower your chest to the floor, and push back up.",https://www.youtube.com/watch?v=JB2oyawG9KI
Hanging Leg Raise,Cardio,Foam Roller,Upper body,Hold,"Biceps, Forearms","Press the weights overhead until your arms are fully extended, then lower them back down.",https://www.youtube.com/watch?v=9FGilxCbdz8
Reverse Lunge,Strength,Kettlebell,Upper body,Stretch,"Hamstrings, Glutes, Lower Back","Maintain a straight line from head to heels, holding your body tight.",https://www.youtube.com/watch?v=9FGilxCbdz8
Rowing Machine,Cardio,Dumbbells,Core,Hold,"Hamstrings, Glutes, Lower Back","Step forward, lower your body until your knee almost touches the floor, then push back up.",https://www.youtube.com/watch?v=ykJmrZ5v0Oo
Medicine Ball Toss,Warm-up,Dumbbells,Lower body,Stretch,"Lats, Biceps, Rear Delts","Maintain a straight line from head to heels, holding your body tight.",https://www.youtube.com/watch?v=JB2oyawG9KI
Jump Squats,Cardio,Bodyweight,Lower body,Stretch,"Chest, Triceps, Shoulders","Keep your body straight, lower your chest to the floor, and push back up.",https://www.youtube.com/watch?v=CAwf7n6Luuc
Ankle Circles,Warm-up,Dumbbells,Lower body,Hold,"Chest, Triceps, Shoulders","Step forward, lower your body until your knee almost touches the floor, then push back up.",https://www.youtube.com/watch?v=pSHjTRCQxIw
Deadlifts,Warm-up,Dumbbells,Upper body,Stretch,"Abdominals, Obliques","Stand straight, curl the weights toward your shoulders and lower them slowly.",https://www.youtube.com/watch?v=aclHkVaku9U
Mountain Climbers,Cardio,Bodyweight,Upper body,Pull,"Biceps, Forearms","Lower your hips down and back as if sitting in a chair, then return to standing.",https://www.youtube.com/watch?v=op9kVnSso6Q
Dips,Warm-up,Bodyweight,Core,Stretch,"Abdominals, Lower Back, Shoulders","Lift the barbell by straightening your hips and knees, keeping your back flat.",https://www.youtube.com/watch?v=op9kVnSso6Q
Kettlebell Swing,Strength,Bodyweight,Lower body,Stretch,"Shoulders, Triceps","Step forward, lower your body until your knee almost touches the floor, then push back up.",https://www.youtube.com/watch?v=aclHkVaku9U
Incline Dumbbell Press,Warm-up,Resistance Band,Upper body,Pull,"Hamstrings, Glutes, Lower Back","Lift the barbell by straightening your hips and knees, keeping your back flat.",https://www.youtube.com/watch?v=9FGilxCbdz8
Bicep Curl,Stretching,Resistance Band,Upper body,Pull,"Shoulders, Triceps","Press the weights overhead until your arms are fully extended, then lower them back down.",https://www.youtube.com/watch?v=9FGilxCbdz8
Bicep Curl,Strength,Kettlebell,Lower body,Hold,"Abdominals, Obliques","Stand straight, curl the weights toward your shoulders and lower them slowly.",https://www.youtube.com/watch?v=JB2oyawG9KI
Arnold Press,Mobility,Resistance Band,Lower body,Push,"Lats, Biceps, Rear Delts","Pull the band down toward your chest, keeping elbows pointed downward.",https://www.youtube.com/watch?v=ykJmrZ5v0Oo
High Knees,Mobility,Dumbbells,Core,Pull,"Abdominals, Obliques","Keep your body straight, lower your chest to the floor, and push back up.",https://www.youtube.com/watch?v=aclHkVaku9U
Hollow Hold,Cardio,Bodyweight,Upper body,Push,"Abdominals, Lower Back, Shoulders","Lower your hips down and back as if sitting in a chair, then return to standing.",https://www.youtube.com/watch?v=op9kVnSso6Q
Chin-Ups,Cardio,Dumbbells,Upper body,Stretch,"Abdominals, Lower Back, Shoulders","Press the weights overhead until your arms are fully extended, then lower them back down.",https://www.youtube.com/watch?v=aclHkVaku9U
Handstand Hold,Warm-up,Foam Roller,Core,Push,"Chest, Triceps, Shoulders","Lie on your back, pedaling your legs while bringing the opposite elbow to the knee.",https://www.youtube.com/watch?v=B-aVuyhvLHU
Glute Bridges,Warm-up,Resistance Band,Upper body,Stretch,"Hip Flexors, Glutes","Stand straight, curl the weights toward your shoulders and lower them slowly.",https://www.youtube.com/watch?v=aclHkVaku9U
Hollow Hold,Strength,Dumbbells,Lower body,Pull,"Lower Abdominals, Hip Flexors","Stand straight, curl the weights toward your shoulders and lower them slowly.",https://www.youtube.com/watch?v=B-aVuyhvLHU
Incline Dumbbell Press,Warm-up,Kettlebell,Core,Hold,"Lats, Biceps, Rear Delts","Lower your hips down and back as if sitting in a chair, then return to standing.",https://www.youtube.com/watch?v=aclHkVaku9U
Skull Crushers,Mobility,Barbell,Upper body,Stretch,"Hip Flexors, Glutes","Press the weights overhead until your arms are fully extended, then lower them back down.",https://www.youtube.com/watch?v=CAwf7n6Luuc
Bird Dog,Stretching,Foam Roller,Core,Push,"Lower Abdominals, Hip Flexors","Keep your body straight, lower your chest to the floor, and push back up.",https://www.youtube.com/watch?v=aclHkVaku9U
Crab Walk,Cardio,Dumbbells,Core,Pull,"Lower Abdominals, Hip Flexors","Maintain a straight line from head to heels, holding your body tight.",https://www.youtube.com/watch?v=_l3ySVKYVJ8
Step-Ups,Stretching,Dumbbells,Lower body,Hold,"Lower Abdominals, Hip Flexors","Step forward, lower your body until your knee almost touches the floor, then push back up.",https://www.youtube.com/watch?v=9FGilxCbdz8
Jump Rope,Strength,Foam Roller,Core,Push,"Hip Flexors, Glutes","Press the weights overhead until your arms are fully extended, then lower them back down.",https://www.youtube.com/watch?v=ykJmrZ5v0Oo
Lunge Stretch,Strength,Dumbbells,Upper body,Push,"Chest, Triceps, Shoulders","Lie on your back, lift your legs until they are perpendicular to the floor, then lower slowly.",https://www.youtube.com/watch?v=JB2oyawG9KI
Burpees,Warm-up,Dumbbells,Lower body,Push,"Abdominals, Lower Back, Shoulders","Lift the barbell by straightening your hips and knees, keeping your back flat.",https://www.youtube.com/watch?v=CAwf7n6Luuc
Treadmill Sprint,Strength,Resistance Band,Core,Push,"Hamstrings, Glutes, Lower Back","Stand straight, curl the weights toward your shoulders and lower them slowly.",https://www.youtube.com/watch?v=CAwf7n6Luuc
Leg Extension,Strength,Bodyweight,Lower body,Pull,"Chest, Triceps, Shoulders","Press the weights overhead until your arms are fully extended, then lower them back down.",https://www.youtube.com/watch?v=ykJmrZ5v0Oo
Side Plank,Cardio,Foam Roller,Core,Pull,"Quadriceps, Glutes, Hamstrings","Stand straight, curl the weights toward your shoulders and lower them slowly.",https://www.youtube.com/watch?v=aclHkVaku9U
Leg Extension,Cardio,Barbell,Lower body,Hold,"Chest, Triceps, Shoulders","Stand straight, curl the weights toward your shoulders and lower them slowly.",https://www.youtube.com/watch?v=aclHkVaku9U
Handstand Hold,Mobility,Kettlebell,Lower body,Push,"Lower Abdominals, Hip Flexors","Maintain a straight line from head to heels, holding your body tight.",https://www.youtube.com/watch?v=B-aVuyhvLHU
Deadlifts,Warm-up,Bodyweight,Core,Push,"Chest, Triceps, Shoulders","Lie on your back, pedaling your legs while bringing the opposite elbow to the knee.",https://www.youtube.com/watch?v=CAwf7n6Luuc
Kettlebell Swing,Stretching,Bodyweight,Upper body,Push,"Lower Abdominals, Hip Flexors","Pull the band down toward your chest, keeping elbows pointed downward.",https://www.youtube.com/watch?v=9FGilxCbdz8
Chin-Ups,Mobility,Dumbbells,Core,Stretch,"Abdominals, Obliques","Step forward, lower your body until your knee almost touches the floor, then push back up.",https://www.youtube.com/watch?v=QOVaHwm-Q6U
Single-Leg Deadlift,Cardio,Foam Roller,Lower body,Hold,"Abdominals, Obliques","Pull the band down toward your chest, keeping elbows pointed downward.",https://www.youtube.com/watch?v=pSHjTRCQxIw
Zercher Squat,Stretching,Foam Roller,Core,Push,"Biceps, Forearms","Step forward, lower your body until your knee almost touches the floor, then push back up.",https://www.youtube.com/watch?v=CAwf7n6Luuc
Ankle Circles,Cardio,Dumbbells,Lower body,Pull,"Hamstrings, Glutes, Lower Back","Maintain a straight line from head to heels, holding your body tight.",https://www.youtube.com/watch?v=QOVaHwm-Q6U
Sprint Intervals,Strength,Barbell,Upper body,Hold,"Biceps, Forearms","Lower your hips down and back as if sitting in a chair, then return to standing.",https://www.youtube.com/watch?v=ykJmrZ5v0Oo
Bicep Curl,Stretching,Resistance Band,Core,Stretch,"Hamstrings, Glutes, Lower Back","Keep your body straight, lower your chest to the floor, and push back up.",https://www.youtube.com/watch?v=_l3ySVKYVJ8
Ankle Circles,Mobility,Foam Roller,Core,Push,"Shoulders, Triceps","Lower your hips down and back as if sitting in a chair, then return to standing.",https://www.youtube.com/watch?v=QOVaHwm-Q6U
Stretching Routine,Mobility,Barbell,Core,Push,"Hamstrings, Glutes, Lower Back","Step forward, lower your body until your knee almost touches the floor, then push back up.",https://www.youtube.com/watch?v=_l3ySVKYVJ8
Calf Raises,Strength,Kettlebell,Upper body,Stretch,"Lower Abdominals, Hip Flexors","Lift the barbell by straightening your hips and knees, keeping your back flat.",https://www.youtube.com/watch?v=QOVaHwm-Q6U
Rowing Machine,Strength,Bodyweight,Core,Hold,"Lower Abdominals, Hip Flexors","Lift the barbell by straightening your hips and knees, keeping your back flat.",https://www.youtube.com/watch?v=CAwf7n6Luuc
Chest Stretch,Stretching,Kettlebell,Upper body,Hold,"Hip Flexors, Glutes","Pull the band down toward your chest, keeping elbows pointed downward.",https://www.youtube.com/watch?v=op9kVnSso6Q
Jump Squats,Cardio,Kettlebell,Core,Hold,"Abdominals, Obliques","Pull the band down toward your chest, keeping elbows pointed downward.",https://www.youtube.com/watch?v=ykJmrZ5v0Oo
Skull Crushers,Cardio,Foam Roller,Lower body,Pull,"Lats, Biceps, Rear Delts","Stand straight, curl the weights toward your shoulders and lower them slowly.",https://www.youtube.com/watch?v=_l3ySVKYVJ8
Hip Thrusts,Cardio,Barbell,Lower body,Stretch,"Biceps, Forearms","Step forward, lower your body until your knee almost touches the floor, then push back up.",https://www.youtube.com/watch?v=ykJmrZ5v0Oo
Chin-Ups,Stretching,Bodyweight,Core,Hold,"Abdominals, Obliques","Lift the barbell by straightening your hips and knees, keeping your back flat.",https://www.youtube.com/watch?v=aclHkVaku9U
Neck Stretch,Strength,Kettlebell,Upper body,Stretch,"Hamstrings, Glutes, Lower Back","Maintain a straight line from head to heels, holding your body tight.",https://www.youtube.com/watch?v=B-aVuyhvLHU
Diamond Push-Up,Cardio,Dumbbells,Core,Stretch,"Hamstrings, Glutes, Lower Back","Keep your body straight, lower your chest to the floor, and push back up.",https://www.youtube.com/watch?v=pSHjTRCQxIw
Quad Stretch,Cardio,Barbell,Lower body,Stretch,"Chest, Triceps, Shoulders","Lift the barbell by straightening your hips and knees, keeping your back flat.",https://www.youtube.com/watch?v=CAwf7n6Luuc
Treadmill Sprint,Stretching,Kettlebell,Core,Stretch,"Biceps, Forearms","Stand straight, curl the weights toward your shoulders and lower them slowly.",https://www.youtube.com/watch?v=QOVaHwm-Q6U
Wrist Flexor Stretch,Warm-up,Bodyweight,Upper body,Push,"Lats, Biceps, Rear Delts","Lie on your back, pedaling your legs while bringing the opposite elbow to the knee.",https://www.youtube.com/watch?v=ykJmrZ5v0Oo
Farmer's Walk,Cardio,Resistance Band,Core,Pull,"Shoulders, Triceps","Pull the band down toward your chest, keeping elbows pointed downward.",https://www.youtube.com/watch?v=_l3ySVKYVJ8
Yoga Flow,Stretching,Bodyweight,Upper body,Stretch,"Hamstrings, Glutes, Lower Back","Stand straight, curl the weights toward your shoulders and lower them slowly.",https://www.youtube.com/watch?v=op9kVnSso6Q
Sled Push,Mobility,Foam Roller,Lower body,Push,"Lats, Biceps, Rear Delts","Step forward, lower your body until your knee almost touches the floor, then push back up.",https://www.youtube.com/watch?v=op9kVnSso6Q
Child's Pose,Strength,Bodyweight,Upper body,Push,"Quadriceps, Glutes, Hamstrings","Step forward, lower your body until your knee almost touches the floor, then push back up.",https://www.youtube.com/watch?v=JB2oyawG9KI
Step-Ups,Cardio,Dumbbells,Lower body,Hold,"Chest, Triceps, Shoulders","Lie on your back, lift your legs until they are perpendicular to the floor, then lower slowly.",https://www.youtube.com/watch?v=CAwf7n6Luuc
Reverse Lunge,Cardio,Resistance Band,Upper body,Hold,"Quadriceps, Glutes, Hamstrings","Lie on your back, lift your legs until they are perpendicular to the floor, then lower slowly.",https://www.youtube.com/watch?v=JB2oyawG9KI
Hollow Hold,Strength,Foam Roller,Upper body,Stretch,"Lats, Biceps, Rear Delts","Lie on your back, lift your legs until they are perpendicular to the floor, then lower slowly.",https://www.youtube.com/watch?v=QOVaHwm-Q6U
Hollow Hold,Strength,Bodyweight,Upper body,Push,"Lower Abdominals, Hip Flexors","Lie on your back, pedaling your legs while bringing the opposite elbow to the knee.",https://www.youtube.com/watch?v=9FGilxCbdz8
Face Pulls,Cardio,Barbell,Core,Push,"Biceps, Forearms","Press the weights overhead until your arms are fully extended, then lower them back down.",https://www.youtube.com/watch?v=_l3ySVKYVJ8
Medicine Ball Toss,Cardio,Foam Roller,Upper body,Stretch,"Quadriceps, Glutes, Hamstrings","Pull the band down toward your chest, keeping elbows pointed downward.",https://www.youtube.com/watch?v=_l3ySVKYVJ8
Kettlebell Swing,Cardio,Barbell,Lower body,Push,"Lats, Biceps, Rear Delts","Press the weights overhead until your arms are fully extended, then lower them back down.",https://www.youtube.com/watch?v=pSHjTRCQxIw
Bench Press,Stretching,Dumbbells,Core,Pull,"Biceps, Forearms","Pull the band down toward your chest, keeping elbows pointed downward.",https://www.youtube.com/watch?v=QOVaHwm-Q6U
Yoga Flow,Mobility,Kettlebell,Upper body,Pull,"Abdominals, Obliques","Press the weights overhead until your arms are fully extended, then lower them back down.",https://www.youtube.com/watch?v=aclHkVaku9U
Jump Rope,Strength,Kettlebell,Upper body,Stretch,"Abdominals, Lower Back, Shoulders","Lift the barbell by straightening your hips and knees, keeping your back flat.",https://www.youtube.com/watch?v=pSHjTRCQxIw
Medicine Ball Toss,Mobility,Kettlebell,Core,Hold,"Abdominals, Obliques","Lie on your back, lift your legs until they are perpendicular to the floor, then lower slowly.",https://www.youtube.com/watch?v=pSHjTRCQxIw
Yoga Flow,Cardio,Dumbbells,Lower body,Pull,"Lower Abdominals, Hip Flexors","Lift the barbell by straightening your hips and knees, keeping your back flat.",https://www.youtube.com/watch?v=ykJmrZ5v0Oo
Bench Press,Warm-up,Foam Roller,Upper body,Stretch,"Abdominals, Lower Back, Shoulders","Step forward, lower your body until your knee almost touches the floor, then push back up.",https://www.youtube.com/watch?v=pSHjTRCQxIw
Front Raises,Cardio,Foam Roller,Upper body,Stretch,"Hamstrings, Glutes, Lower Back","Press the weights overhead until your arms are fully extended, then lower them back down.",https://www.youtube.com/watch?v=pSHjTRCQxIw
Front Raises,Warm-up,Kettlebell,Lower body,Pull,"Lats, Biceps, Rear Delts","Keep your body straight, lower your chest to the floor, and push back up.",https://www.youtube.com/watch?v=ykJmrZ5v0Oo
Leg Press,Strength,Dumbbells,Core,Hold,"Hip Flexors, Glutes","Stand straight, curl the weights toward your shoulders and lower them slowly.",https://www.youtube.com/watch?v=op9kVnSso6Q
Pull-Ups,Strength,Kettlebell,Lower body,Hold,"Chest, Triceps, Shoulders","Keep your body straight, lower your chest to the floor, and push back up.",https://www.youtube.com/watch?v=ykJmrZ5v0Oo
Bird Dog,Strength,Bodyweight,Lower body,Pull,"Biceps, Forearms","Lie on your back, pedaling your legs while bringing the opposite elbow to the knee.",https://www.youtube.com/watch?v=9FGilxCbdz8
Bent Over Row,Mobility,Dumbbells,Lower body,Stretch,"Abdominals, Lower Back, Shoulders","Keep your body straight, lower your chest to the floor, and push back up.",https://www.youtube.com/watch?v=ykJmrZ5v0Oo
Rowing Machine,Stretching,Resistance Band,Core,Pull,"Lower Abdominals, Hip Flexors","Maintain a straight line from head to heels, holding your body tight.",https://www.youtube.com/watch?v=JB2oyawG9KI
Lunge Stretch,Strength,Dumbbells,Lower body,Push,"Quadriceps, Glutes, Hamstrings","Step forward, lower your body until your knee almost touches the floor, then push back up.",https://www.youtube.com/watch?v=ykJmrZ5v0Oo
Step-Ups,Strength,Barbell,Upper body,Hold,"Quadriceps, Glutes, Hamstrings","Lie on your back, lift your legs until they are perpendicular to the floor, then lower slowly.",https://www.youtube.com/watch?v=aclHkVaku9U
Front Raises,Strength,Foam Roller,Upper body,Push,"Abdominals, Obliques","Lift the barbell by straightening your hips and knees, keeping your back flat.",https://www.youtube.com/watch?v=QOVaHwm-Q6U
Child's Pose,Mobility,Dumbbells,Lower body,Push,"Lats, Biceps, Rear Delts","Keep your body straight, lower your chest to the floor, and push back up.",https://www.youtube.com/watch?v=CAwf7n6Luuc
Leg Press,Stretching,Bodyweight,Core,Stretch,"Lower Abdominals, Hip Flexors","Lie on your back, lift your legs until they are perpendicular to the floor, then lower slowly.",https://www.youtube.com/watch?v=pSHjTRCQxIw
Reverse Lunge,Stretching,Barbell,Core,Stretch,"Hip Flexors, Glutes","Maintain a straight line from head to heels, holding your body tight.",https://www.youtube.com/watch?v=CAwf7n6Luuc
Step-Ups,Stretching,Foam Roller,Lower body,Push,"Chest, Triceps, Shoulders","Pull the band down toward your chest, keeping elbows pointed downward.",https://www.youtube.com/watch?v=9FGilxCbdz8
Face Pulls,Warm-up,Bodyweight,Upper body,Hold,"Quadriceps, Glutes, Hamstrings","Lower your hips down and back as if sitting in a chair, then return to standing.",https://www.youtube.com/watch?v=op9kVnSso6Q
Hip Thrusts,Stretching,Barbell,Upper body,Stretch,"Biceps, Forearms","Lie on your back, pedaling your legs while bringing the opposite elbow to the knee.",https://www.youtube.com/watch?v=ykJmrZ5v0Oo
Clamshells,Warm-up,Bodyweight,Upper body,Stretch,"Biceps, Forearms","Lift the barbell by straightening your hips and knees, keeping your back flat.",https://www.youtube.com/watch?v=ykJmrZ5v0Oo
Hamstring Stretch,Warm-up,Dumbbells,Upper body,Push,"Lower Abdominals, Hip Flexors","Keep your body straight, lower your chest to the floor, and push back up.",https://www.youtube.com/watch?v=op9kVnSso6Q
Foam Rolling,Warm-up,Foam Roller,Core,Hold,"Lower Abdominals, Hip Flexors","Lift the barbell by straightening your hips and knees, keeping your back flat.",https://www.youtube.com/watch?v=ykJmrZ5v0Oo
Cable Row,Stretching,Dumbbells,Lower body,Push,"Chest, Triceps, Shoulders","Maintain a straight line from head to heels, holding your body tight.",https://www.youtube.com/watch?v=_l3ySVKYVJ8
Push-Ups,Strength,Kettlebell,Core,Stretch,"Abdominals, Obliques","Lie on your back, lift your legs until they are perpendicular to the floor, then lower slowly.",https://www.youtube.com/watch?v=9FGilxCbdz8
Flutter Kicks,Mobility,Foam Roller,Core,Push,"Lower Abdominals, Hip Flexors","Lie on your back, lift your legs until they are perpendicular to the floor, then lower slowly.",https://www.youtube.com/watch?v=CAwf7n6Luuc
Zercher Squat,Stretching,Kettlebell,Upper body,Stretch,"Abdominals, Obliques","Lift the barbell by straightening your hips and knees, keeping your back flat.",https://www.youtube.com/watch?v=_l3ySVKYVJ8
Kettlebell Swing,Strength,Resistance Band,Lower body,Hold,"Abdominals, Lower Back, Shoulders","Pull the band down toward your chest, keeping elbows pointed downward.",https://www.youtube.com/watch?v=B-aVuyhvLHU
Leg Extension,Stretching,Resistance Band,Upper body,Hold,"Quadriceps, Glutes, Hamstrings","Step forward, lower your body until your knee almost touches the floor, then push back up.",https://www.youtube.com/watch?v=_l3ySVKYVJ8
Goblet Squat,Cardio,Resistance Band,Lower body,Pull,"Abdominals, Obliques","Lower your hips down and back as if sitting in a chair, then return to standing.",https://www.youtube.com/watch?v=aclHkVaku9U
Diamond Push-Up,Mobility,Foam Roller,Lower body,Stretch,"Hip Flexors, Glutes","Pull the band down toward your chest, keeping elbows pointed downward.",https://www.youtube.com/watch?v=9FGilxCbdz8
Rowing Machine,Warm-up,Foam Roller,Lower body,Hold,"Lats, Biceps, Rear Delts","Pull the band down toward your chest, keeping elbows pointed downward.",https://www.youtube.com/watch?v=aclHkVaku9U
Clamshells,Strength,Resistance Band,Core,Stretch,"Abdominals, Obliques","Lie on your back, lift your legs until they are perpendicular to the floor, then lower slowly.",https://www.youtube.com/watch?v=aclHkVaku9U
Foam Rolling,Strength,Dumbbells,Core,Hold,"Lower Abdominals, Hip Flexors","Lift the barbell by straightening your hips and knees, keeping your back flat.",https://www.youtube.com/watch?v=op9kVnSso6Q
Push-Ups,Stretching,Foam Roller,Core,Hold,"Abdominals, Obliques","Lie on your back, pedaling your legs while bringing the opposite elbow to the knee.",https://www.youtube.com/watch?v=B-aVuyhvLHU
Windshield Wipers,Strength,Dumbbells,Core,Push,"Lower Abdominals, Hip Flexors","Stand straight, curl the weights toward your shoulders and lower them slowly.",https://www.youtube.com/watch?v=aclHkVaku9U
Foam Rolling,Stretching,Foam Roller,Upper body,Stretch,"Lower Abdominals, Hip Flexors","Step forward, lower your body until your knee almost touches the floor, then push back up.",https://www.youtube.com/watch?v=op9kVnSso6Q
Renegade Row,Stretching,Bodyweight,Lower body,Stretch,"Lower Abdominals, Hip Flexors","Press the weights overhead until your arms are fully extended, then lower them back down.",https://www.youtube.com/watch?v=CAwf7n6Luuc
Tricep Extension,Warm-up,Barbell,Lower body,Pull,"Lats, Biceps, Rear Delts","Lower your hips down and back as if sitting in a chair, then return to standing.",https://www.youtube.com/watch?v=_l3ySVKYVJ8
Tricep Extension,Strength,Kettlebell,Upper body,Stretch,"Hamstrings, Glutes, Lower Back","Lie on your back, lift your legs until they are perpendicular to the floor, then lower slowly.",https://www.youtube.com/watch?v=op9kVnSso6Q
Leg Press,Warm-up,Bodyweight,Core,Push,"Lower Abdominals, Hip Flexors","Step forward, lower your body until your knee almost touches the floor, then push back up.",https://www.youtube.com/watch?v=9FGilxCbdz8
Quad Stretch,Cardio,Bodyweight,Lower body,Stretch,"Lower Abdominals, Hip Flexors","Lift the barbell by straightening your hips and knees, keeping your back flat.",https://www.youtube.com/watch?v=_l3ySVKYVJ8
Pike Push-Up,Stretching,Dumbbells,Lower body,Hold,"Abdominals, Lower Back, Shoulders","Step forward, lower your body until your knee almost touches the floor, then push back up.",https://www.youtube.com/watch?v=op9kVnSso6Q
Tricep Extension,Strength,Kettlebell,Lower body,Push,"Quadriceps, Glutes, Hamstrings","Lift the barbell by straightening your hips and knees, keeping your back flat.",https://www.youtube.com/watch?v=op9kVnSso6Q
Stretching Routine,Mobility,Bodyweight,Lower body,Push,"Shoulders, Triceps","Lift the barbell by straightening your hips and knees, keeping your back flat.",https://www.youtube.com/watch?v=9FGilxCbdz8
Cat-Cow Stretch,Stretching,Resistance Band,Lower body,Push,"Lats, Biceps, Rear Delts","Lie on your back, pedaling your legs while bringing the opposite elbow to the knee.",https://www.youtube.com/watch?v=9FGilxCbdz8
Rowing Machine,Stretching,Bodyweight,Core,Hold,"Lats, Biceps, Rear Delts","Lift the barbell by straightening your hips and knees, keeping your back flat.",https://www.youtube.com/watch?v=ykJmrZ5v0Oo
Leg Curl,Cardio,Foam Roller,Upper body,Push,"Quadriceps, Glutes, Hamstrings","Lie on your back, lift your legs until they are perpendicular to the floor, then lower slowly.",https://www.youtube.com/watch?v=QOVaHwm-Q6U
Battle Ropes,Strength,Foam Roller,Lower body,Pull,"Abdominals, Lower Back, Shoulders","Press the weights overhead until your arms are fully extended, then lower them back down.",https://www.youtube.com/watch?v=pSHjTRCQxIw
Pike Push-Up,Strength,Resistance Band,Lower body,Pull,"Biceps, Forearms","Press the weights overhead until your arms are fully extended, then lower them back down.",https://www.youtube.com/watch?v=CAwf7n6Luuc
Boxing Drills,Cardio,Foam Roller,Lower body,Hold,"Abdominals, Obliques","Step forward, lower your body until your knee almost touches the floor, then push back up.",https://www.youtube.com/watch?v=JB2oyawG9KI
Renegade Row,Stretching,Foam Roller,Core,Pull,"Hamstrings, Glutes, Lower Back","Lift the barbell by straightening your hips and knees, keeping your back flat.",https://www.youtube.com/watch?v=QOVaHwm-Q6U
Dips,Cardio,Resistance Band,Lower body,Stretch,"Hip Flexors, Glutes","Step forward, lower your body until your knee almost touches the floor, then push back up.",https://www.youtube.com/watch?v=QOVaHwm-Q6U
Hammer Curl,Mobility,Kettlebell,Core,Pull,"Biceps, Forearms","Keep your body straight, lower your chest to the floor, and push back up.",https://www.youtube.com/watch?v=JB2oyawG9KI
Medicine Ball Slam,Warm-up,Kettlebell,Core,Stretch,"Hip Flexors, Glutes","Pull the band down toward your chest, keeping elbows pointed downward.",https://www.youtube.com/watch?v=B-aVuyhvLHU
Superman,Stretching,Barbell,Upper body,Pull,"Lower Abdominals, Hip Flexors","Step forward, lower your body until your knee almost touches the floor, then push back up.",https://www.youtube.com/watch?v=CAwf7n6Luuc
Side Plank,Mobility,Foam Roller,Core,Hold,"Biceps, Forearms","Press the weights overhead until your arms are fully extended, then lower them back down.",https://www.youtube.com/watch?v=pSHjTRCQxIw
Box Jumps,Cardio,Bodyweight,Lower body,Push,"Lats, Biceps, Rear Delts","Stand straight, curl the weights toward your shoulders and lower them slowly.",https://www.youtube.com/watch?v=ykJmrZ5v0Oo
Cable Curl,Cardio,Foam Roller,Core,Pull,"Abdominals, Lower Back, Shoulders","Press the weights overhead until your arms are fully extended, then lower them back down.",https://www.youtube.com/watch?v=op9kVnSso6Q
Child's Pose,Warm-up,Foam Roller,Core,Stretch,"Biceps, Forearms","Lie on your back, pedaling your legs while bringing the opposite elbow to the knee.",https://www.youtube.com/watch?v=B-aVuyhvLHU
Hammer Curl,Strength,Barbell,Lower body,Stretch,"Biceps, Forearms","Pull the band down toward your chest, keeping elbows pointed downward.",https://www.youtube.com/watch?v=pSHjTRCQxIw
Dips,Mobility,Bodyweight,Core,Hold,"Quadriceps, Glutes, Hamstrings","Lie on your back, lift your legs until they are perpendicular to the floor, then lower slowly.",https://www.youtube.com/watch?v=9FGilxCbdz8
Hanging Leg Raise,Warm-up,Kettlebell,Lower body,Hold,"Shoulders, Triceps","Lie on your back, lift your legs until they are perpendicular to the floor, then lower slowly.",https://www.youtube.com/watch?v=B-aVuyhvLHU
Boxing Drills,Stretching,Foam Roller,Lower body,Stretch,"Hamstrings, Glutes, Lower Back","Keep your body straight, lower your chest to the floor, and push back up.",https://www.youtube.com/watch?v=JB2oyawG9KI
Bicep Curl,Cardio,Resistance Band,Lower body,Hold,"Quadriceps, Glutes, Hamstrings","Keep your body straight, lower your chest to the floor, and push back up.",https://www.youtube.com/watch?v=_l3ySVKYVJ8
Tricep Extension,Strength,Kettlebell,Upper body,Hold,"Hip Flexors, Glutes","Lower your hips down and back as if sitting in a chair, then return to standing.",https://www.youtube.com/watch?v=ykJmrZ5v0Oo
Neck Stretch,Mobility,Bodyweight,Lower body,Push,"Abdominals, Lower Back, Shoulders","Maintain a straight line from head to heels, holding your body tight.",https://www.youtube.com/watch?v=JB2oyawG9KI
Tricep Extension,Cardio,Dumbbells,Core,Hold,"Shoulders, Triceps","Lie on your back, pedaling your legs while bringing the opposite elbow to the knee.",https://www.youtube.com/watch?v=B-aVuyhvLHU
Boxing Drills,Mobility,Dumbbells,Lower body,Stretch,"Abdominals, Obliques","Step forward, lower your body until your knee almost touches the floor, then push back up.",https://www.youtube.com/watch?v=_l3ySVKYVJ8
Burpees,Cardio,Resistance Band,Upper body,Stretch,"Abdominals, Lower Back, Shoulders","Lie on your back, pedaling your legs while bringing the opposite elbow to the knee.",https://www.youtube.com/watch?v=op9kVnSso6Q
Ankle Circles,Cardio,Barbell,Upper body,Stretch,"Lower Abdominals, Hip Flexors","Lower your hips down and back as if sitting in a chair, then return to standing.",https://www.youtube.com/watch?v=9FGilxCbdz8
Lunge Stretch,Mobility,Foam Roller,Upper body,Stretch,"Quadriceps, Glutes, Hamstrings","Keep your body straight, lower your chest to the floor, and push back up.",https://www.youtube.com/watch?v=ykJmrZ5v0Oo
Box Jumps,Cardio,Dumbbells,Core,Hold,"Lower Abdominals, Hip Flexors","Press the weights overhead until your arms are fully extended, then lower them back down.",https://www.youtube.com/watch?v=9FGilxCbdz8
Foam Rolling,Stretching,Dumbbells,Lower body,Stretch,"Quadriceps, Glutes, Hamstrings","Lower your hips down and back as if sitting in a chair, then return to standing.",https://www.youtube.com/watch?v=JB2oyawG9KI
Foam Rolling,Stretching,Resistance Band,Lower body,Pull,"Abdominals, Lower Back, Shoulders","Stand straight, curl the weights toward your shoulders and lower them slowly.",https://www.youtube.com/watch?v=op9kVnSso6Q
Bicep Curl,Warm-up,Barbell,Upper body,Push,"Quadriceps, Glutes, Hamstrings","Lower your hips down and back as if sitting in a chair, then return to standing.",https://www.youtube.com/watch?v=ykJmrZ5v0Oo
Flutter Kicks,Mobility,Resistance Band,Core,Pull,"Abdominals, Obliques","Lie on your back, lift your legs until they are perpendicular to the floor, then lower slowly.",https://www.youtube.com/watch?v=QOVaHwm-Q6U
Bicep Curl,Mobility,Dumbbells,Lower body,Push,"Hamstrings, Glutes, Lower Back","Stand straight, curl the weights toward your shoulders and lower them slowly.",https://www.youtube.com/watch?v=JB2oyawG9KI
Jump Rope,Cardio,Foam Roller,Upper body,Hold,"Hamstrings, Glutes, Lower Back","Lie on your back, pedaling your legs while bringing the opposite elbow to the knee.",https://www.youtube.com/watch?v=B-aVuyhvLHU
Quad Stretch,Stretching,Dumbbells,Upper body,Pull,"Chest, Triceps, Shoulders","Step forward, lower your body until your knee almost touches the floor, then push back up.",https://www.youtube.com/watch?v=9FGilxCbdz8
Glute Bridges,Stretching,Foam Roller,Core,Hold,"Shoulders, Triceps","Pull the band down toward your chest, keeping elbows pointed downward.",https://www.youtube.com/watch?v=aclHkVaku9U
Front Raises,Mobility,Foam Roller,Lower body,Pull,"Lower Abdominals, Hip Flexors","Stand straight, curl the weights toward your shoulders and lower them slowly.",https://www.youtube.com/watch?v=CAwf7n6Luuc
Cable Fly,Mobility,Foam Roller,Lower body,Stretch,"Hamstrings, Glutes, Lower Back","Keep your body straight, lower your chest to the floor, and push back up.",https://www.youtube.com/watch?v=9FGilxCbdz8
Plank,Stretching,Kettlebell,Upper body,Push,"Biceps, Forearms","Lie on your back, pedaling your legs while bringing the opposite elbow to the knee.",https://www.youtube.com/watch?v=aclHkVaku9U
Chin-Ups,Stretching,Foam Roller,Core,Push,"Chest, Triceps, Shoulders","Pull the band down toward your chest, keeping elbows pointed downward.",https://www.youtube.com/watch?v=_l3ySVKYVJ8
Hollow Hold,Cardio,Dumbbells,Core,Stretch,"Shoulders, Triceps","Lie on your back, pedaling your legs while bringing the opposite elbow to the knee.",https://www.youtube.com/watch?v=ykJmrZ5v0Oo
Wrist Flexor Stretch,Warm-up,Resistance Band,Core,Stretch,"Chest, Triceps, Shoulders","Lift the barbell by straightening your hips and knees, keeping your back flat.",https://www.youtube.com/watch?v=op9kVnSso6Q
Ankle Circles,Cardio,Dumbbells,Upper body,Push,"Abdominals, Obliques","Keep your body straight, lower your chest to the floor, and push back up.",https://www.youtube.com/watch?v=9FGilxCbdz8
Sled Pull,Strength,Foam Roller,Upper body,Stretch,"Abdominals, Lower Back, Shoulders","Press the weights overhead until your arms are fully extended, then lower them back down.",https://www.youtube.com/watch?v=op9kVnSso6Q
Push-Ups,Cardio,Barbell,Upper body,Push,"Hip Flexors, Glutes","Lie on your back, lift your legs until they are perpendicular to the floor, then lower slowly.",https://www.youtube.com/watch?v=op9kVnSso6Q
Pike Push-Up,Strength,Foam Roller,Lower body,Stretch,"Quadriceps, Glutes, Hamstrings","Keep your body straight, lower your chest to the floor, and push back up.",https://www.youtube.com/watch?v=_l3ySVKYVJ8
High Knees,Mobility,Bodyweight,Upper body,Stretch,"Shoulders, Triceps","Lie on your back, lift your legs until they are perpendicular to the floor, then lower slowly.",https://www.youtube.com/watch?v=_l3ySVKYVJ8
Yoga Flow,Warm-up,Foam Roller,Lower body,Hold,"Chest, Triceps, Shoulders","Press the weights overhead until your arms are fully extended, then lower them back down.",https://www.youtube.com/watch?v=QOVaHwm-Q6U
Diamond Push-Up,Stretching,Kettlebell,Upper body,Push,"Abdominals, Obliques","Stand straight, curl the weights toward your shoulders and lower them slowly.",https://www.youtube.com/watch?v=op9kVnSso6Q
Skull Crushers,Stretching,Resistance Band,Lower body,Pull,"Chest, Triceps, Shoulders","Keep your body straight, lower your chest to the floor, and push back up.",https://www.youtube.com/watch?v=JB2oyawG9KI
Sun Salutation,Stretching,Bodyweight,Lower body,Stretch,"Hamstrings, Glutes, Lower Back","Keep your body straight, lower your chest to the floor, and push back up.",https://www.youtube.com/watch?v=pSHjTRCQxIw
Ankle Circles,Mobility,Dumbbells,Core,Push,"Abdominals, Lower Back, Shoulders","Press the weights overhead until your arms are fully extended, then lower them back down.",https://www.youtube.com/watch?v=9FGilxCbdz8
Leg Extension,Strength,Dumbbells,Lower body,Push,"Chest, Triceps, Shoulders","Lie on your back, pedaling your legs while bringing the opposite elbow to the knee.",https://www.youtube.com/watch?v=_l3ySVKYVJ8
Superman,Mobility,Barbell,Core,Hold,"Chest, Triceps, Shoulders","Lie on your back, pedaling your legs while bringing the opposite elbow to the knee.",https://www.youtube.com/watch?v=_l3ySVKYVJ8
Chest Stretch,Cardio,Bodyweight,Lower body,Push,"Shoulders, Triceps","Stand straight, curl the weights toward your shoulders and lower them slowly.",https://www.youtube.com/watch?v=pSHjTRCQxIw
Face Pulls,Cardio,Foam Roller,Upper body,Stretch,"Quadriceps, Glutes, Hamstrings","Step forward, lower your body until your knee almost touches the floor, then push back up.",https://www.youtube.com/watch?v=JB2oyawG9KI
Burpees,Mobility,Bodyweight,Lower body,Hold,"Chest, Triceps, Shoulders","Lift the barbell by straightening your hips and knees, keeping your back flat.",https://www.youtube.com/watch?v=pSHjTRCQxIw
Goblet Squat,Stretching,Bodyweight,Lower body,Push,"Lats, Biceps, Rear Delts","Lie on your back, pedaling your legs while bringing the opposite elbow to the knee.",https://www.youtube.com/watch?v=op9kVnSso6Q
Seated Calf Raise,Warm-up,Bodyweight,Upper body,Pull,"Hamstrings, Glutes, Lower Back","Lift the barbell by straightening your hips and knees, keeping your back flat.",https://www.youtube.com/watch?v=pSHjTRCQxIw
Mountain Climbers,Cardio,Kettlebell,Upper body,Hold,"Abdominals, Lower Back, Shoulders","Lower your hips down and back as if sitting in a chair, then return to standing.",https://www.youtube.com/watch?v=JB2oyawG9KI
Russian Twists,Warm-up,Kettlebell,Upper body,Pull,"Shoulders, Triceps","Keep your body straight, lower your chest to the floor, and push back up.",https://www.youtube.com/watch?v=9FGilxCbdz8
Bench Press,Warm-up,Dumbbells,Lower body,Hold,"Abdominals, Obliques","Keep your body straight, lower your chest to the floor, and push back up.",https://www.youtube.com/watch?v=_l3ySVKYVJ8
Face Pulls,Strength,Resistance Band,Upper body,Stretch,"Hamstrings, Glutes, Lower Back","Lift the barbell by straightening your hips and knees, keeping your back flat.",https://www.youtube.com/watch?v=aclHkVaku9U
Air Bike,Warm-up,Foam Roller,Core,Push,"Hamstrings, Glutes, Lower Back","Lower your hips down and back as if sitting in a chair, then return to standing.",https://www.youtube.com/watch?v=aclHkVaku9U
Hamstring Stretch,Mobility,Foam Roller,Core,Pull,"Chest, Triceps, Shoulders","Press the weights overhead until your arms are fully extended, then lower them back down.",https://www.youtube.com/watch?v=QOVaHwm-Q6U
Cat-Cow Stretch,Stretching,Foam Roller,Upper body,Pull,"Shoulders, Triceps","Maintain a straight line from head to heels, holding your body tight.",https://www.youtube.com/watch?v=aclHkVaku9U
Bear Crawl,Cardio,Resistance Band,Lower body,Stretch,"Chest, Triceps, Shoulders","Press the weights overhead until your arms are fully extended, then lower them back down.",https://www.youtube.com/watch?v=B-aVuyhvLHU
Wrist Flexor Stretch,Stretching,Bodyweight,Core,Push,"Lats, Biceps, Rear Delts","Stand straight, curl the weights toward your shoulders and lower them slowly.",https://www.youtube.com/watch?v=JB2oyawG9KI
Child's Pose,Stretching,Kettlebell,Core,Hold,"Shoulders, Triceps","Stand straight, curl the weights toward your shoulders and lower them slowly.",https://www.youtube.com/watch?v=B-aVuyhvLHU
Single-Leg Deadlift,Cardio,Dumbbells,Upper body,Hold,"Abdominals, Lower Back, Shoulders","Stand straight, curl the weights toward your shoulders and lower them slowly.",https://www.youtube.com/watch?v=_l3ySVKYVJ8
Push-Ups,Mobility,Resistance Band,Lower body,Pull,"Lats, Biceps, Rear Delts","Lower your hips down and back as if sitting in a chair, then return to standing.",https://www.youtube.com/watch?v=pSHjTRCQxIw
Good Mornings,Warm-up,Bodyweight,Core,Hold,"Hamstrings, Glutes, Lower Back","Press the weights overhead until your arms are fully extended, then lower them back down.",https://www.youtube.com/watch?v=JB2oyawG9KI
Seated Row,Strength,Barbell,Lower body,Pull,"Quadriceps, Glutes, Hamstrings","Lie on your back, lift your legs until they are perpendicular to the floor, then lower slowly.",https://www.youtube.com/watch?v=_l3ySVKYVJ8
Hip Thrusts,Warm-up,Foam Roller,Lower body,Stretch,"Shoulders, Triceps","Lift the barbell by straightening your hips and knees, keeping your back flat.",https://www.youtube.com/watch?v=B-aVuyhvLHU
Cable Curl,Warm-up,Kettlebell,Lower body,Push,"Abdominals, Lower Back, Shoulders","Step forward, lower your body until your knee almost touches the floor, then push back up.",https://www.youtube.com/watch?v=9FGilxCbdz8
Bench Press,Strength,Kettlebell,Upper body,Pull,"Abdominals, Obliques","Maintain a straight line from head to heels, holding your body tight.",https://www.youtube.com/watch?v=_l3ySVKYVJ8
Single-Leg Deadlift,Warm-up,Barbell,Core,Hold,"Lats, Biceps, Rear Delts","Lower your hips down and back as if sitting in a chair, then return to standing.",https://www.youtube.com/watch?v=JB2oyawG9KI
Step-Ups,Warm-up,Barbell,Lower body,Pull,"Shoulders, Triceps","Stand straight, curl the weights toward your shoulders and lower them slowly.",https://www.youtube.com/watch?v=aclHkVaku9U
Cat-Cow Stretch,Cardio,Resistance Band,Upper body,Push,"Quadriceps, Glutes, Hamstrings","Keep your body straight, lower your chest to the floor, and push back up.",https://www.youtube.com/watch?v=ykJmrZ5v0Oo
Sled Pull,Strength,Kettlebell,Core,Hold,"Abdominals, Obliques","Press the weights overhead until your arms are fully extended, then lower them back down.",https://www.youtube.com/watch?v=JB2oyawG9KI
Farmer's Walk,Strength,Kettlebell,Lower body,Stretch,"Abdominals, Lower Back, Shoulders","Stand straight, curl the weights toward your shoulders and lower them slowly.",https://www.youtube.com/watch?v=_l3ySVKYVJ8
Handstand Hold,Strength,Kettlebell,Lower body,Hold,"Abdominals, Obliques","Lie on your back, pedaling your legs while bringing the opposite elbow to the knee.",https://www.youtube.com/watch?v=9FGilxCbdz8
Reverse Crunch,Mobility,Bodyweight,Core,Hold,"Chest, Triceps, Shoulders","Stand straight, curl the weights toward your shoulders and lower them slowly.",https://www.youtube.com/watch?v=QOVaHwm-Q6U
Bicep Curl,Strength,Foam Roller,Upper body,Stretch,"Quadriceps, Glutes, Hamstrings","Lie on your back, pedaling your legs while bringing the opposite elbow to the knee.",https://www.youtube.com/watch?v=ykJmrZ5v0Oo
Hollow Hold,Mobility,Barbell,Lower body,Hold,"Hip Flexors, Glutes","Stand straight, curl the weights toward your shoulders and lower them slowly.",https://www.youtube.com/watch?v=9FGilxCbdz8
Lunge Stretch,Cardio,Foam Roller,Lower body,Pull,"Hip Flexors, Glutes","Pull the band down toward your chest, keeping elbows pointed downward.",https://www.youtube.com/watch?v=ykJmrZ5v0Oo
Handstand Hold,Cardio,Foam Roller,Core,Hold,"Hip Flexors, Glutes","Maintain a straight line from head to heels, holding your body tight.",https://www.youtube.com/watch?v=_l3ySVKYVJ8
Pull-Ups,Cardio,Resistance Band,Core,Stretch,"Biceps, Forearms","Keep your body straight, lower your chest to the floor, and push back up.",https://www.youtube.com/watch?v=CAwf7n6Luuc
Sled Push,Warm-up,Bodyweight,Core,Stretch,"Abdominals, Lower Back, Shoulders","Step forward, lower your body until your knee almost touches the floor, then push back up.",https://www.youtube.com/watch?v=CAwf7n6Luuc
Reverse Crunch,Cardio,Bodyweight,Lower body,Push,"Chest, Triceps, Shoulders","Keep your body straight, lower your chest to the floor, and push back up.",https://www.youtube.com/watch?v=aclHkVaku9U
Lateral Raises,Mobility,Dumbbells,Core,Push,"Biceps, Forearms","Lower your hips down and back as if sitting in a chair, then return to standing.",https://www.youtube.com/watch?v=pSHjTRCQxIw
Hammer Curl,Cardio,Bodyweight,Upper body,Hold,"Lower Abdominals, Hip Flexors","Lower your hips down and back as if sitting in a chair, then return to standing.",https://www.youtube.com/watch?v=9FGilxCbdz8
Crab Walk,Strength,Kettlebell,Lower body,Hold,"Lats, Biceps, Rear Delts","Maintain a straight line from head to heels, holding your body tight.",https://www.youtube.com/watch?v=CAwf7n6Luuc
Windshield Wipers,Stretching,Bodyweight,Core,Hold,"Hip Flexors, Glutes","Stand straight, curl the weights toward your shoulders and lower them slowly.",https://www.youtube.com/watch?v=9FGilxCbdz8
Mountain Climbers,Stretching,Dumbbells,Lower body,Push,"Hip Flexors, Glutes","Pull the band down toward your chest, keeping elbows pointed downward.",https://www.youtube.com/watch?v=pSHjTRCQxIw
Pull-Ups,Mobility,Foam Roller,Upper body,Pull,"Chest, Triceps, Shoulders","Lie on your back, lift your legs until they are perpendicular to the floor, then lower slowly.",https://www.youtube.com/watch?v=9FGilxCbdz8
Hip Flexor Stretch,Warm-up,Bodyweight,Lower body,Hold,"Lower Abdominals, Hip Flexors","Lift the barbell by straightening your hips and knees, keeping your back flat.",https://www.youtube.com/watch?v=op9kVnSso6Q
Tricep Extension,Strength,Barbell,Core,Stretch,"Biceps, Forearms","Lower your hips down and back as if sitting in a chair, then return to standing.",https://www.youtube.com/watch?v=CAwf7n6Luuc
Deadlifts,Cardio,Dumbbells,Upper body,Pull,"Biceps, Forearms","Lie on your back, pedaling your legs while bringing the opposite elbow to the knee.",https://www.youtube.com/watch?v=ykJmrZ5v0Oo
Good Mornings,Stretching,Barbell,Core,Stretch,"Quadriceps, Glutes, Hamstrings","Keep your body straight, lower your chest to the floor, and push back up.",https://www.youtube.com/watch?v=QOVaHwm-Q6U
Leg Extension,Mobility,Kettlebell,Lower body,Push,"Abdominals, Lower Back, Shoulders","Maintain a straight line from head to heels, holding your body tight.",https://www.youtube.com/watch?v=ykJmrZ5v0Oo
Stretching Routine,Stretching,Barbell,Upper body,Push,"Abdominals, Obliques","Pull the band down toward your chest, keeping elbows pointed downward.",https://www.youtube.com/watch?v=CAwf7n6Luuc
Bent Over Row,Mobility,Bodyweight,Upper body,Stretch,"Abdominals, Obliques","Keep your body straight, lower your chest to the floor, and push back up.",https://www.youtube.com/watch?v=aclHkVaku9U
Seated Row,Warm-up,Barbell,Upper body,Stretch,"Hamstrings, Glutes, Lower Back","Lower your hips down and back as if sitting in a chair, then return to standing.",https://www.youtube.com/watch?v=9FGilxCbdz8
Boxing Drills,Mobility,Barbell,Lower body,Pull,"Hamstrings, Glutes, Lower Back","Lie on your back, pedaling your legs while bringing the opposite elbow to the knee.",https://www.youtube.com/watch?v=JB2oyawG9KI
Sissy Squat,Strength,Bodyweight / Sissy Machine,Lower Body,Push,Quadriceps,Lean backward while keeping hips extended; bend knees until thighs are parallel to the floor; return to start.,https://www.youtube.com/watch?v=VUiFlZ2FsKA
Reverse Nordic Curl,Strength,Bodyweight,Lower Body,Pull,"Quadriceps, Hip Flexors","Kneel upright, lean backward slowly without bending hips, then return to upright position.",https://www.youtube.com/watch?v=GbpDfXXKuk0
Kang Squat,Mobility,Bodyweight or Light Barbell,Full Body,Hold,"Quads, Glutes, Hamstrings, Core","Start in squat, hinge hips back into good morning, then return to squat and stand up.",https://www.youtube.com/watch?v=sadQE5OHAJM
Pallof Press,Core,Resistance Band / Cable,Core,Hold,"Obliques, Transverse Abdominis","Stand sideways to resistance; extend arms out to resist rotational force; hold briefly, return.",https://www.youtube.com/watch?v=gHGLwQGvtxg
Copenhagen Plank,Core,Bench,Core/Legs,Hold,"Adductors, Obliques, Core","Top leg supported on bench, lower body down and lift using inner thigh.",https://www.youtube.com/watch?v=AtBKqjJvjlM
Zottman Curl,Strength,Dumbbells,Upper Body,Pull,"Biceps, Forearms","Curl up with palms up; rotate at the top, lower slowly palms down.",https://www.youtube.com/watch?v=ZrpRBgswtHs
Jefferson Curl,Mobility,Barbell or Dumbbell,Posterior Chain,Hold,"Hamstrings, Lower Back, Glutes",Slowly bend down segmentally through spine while holding weight; return to standing.,https://www.youtube.com/watch?v=qzZ8Y-Ln2Ww
Hack Squat (Machine),Strength,Hack Squat Machine,Lower Body,Push,"Quads, Glutes","Load machine, position shoulders/back, squat down and press up.",https://www.youtube.com/watch?v=ir5PsbniVSc
Belt Squat,Strength,Belt Squat Machine,Lower Body,Push,"Quads, Glutes","Strap belt to waist, perform squats with resistance through hips.",https://www.youtube.com/watch?v=xArpgGH9OPc
Trap Bar Squat,Strength,Trap Bar,Lower Body,Push,"Glutes, Quads, Hamstrings","Stand inside trap bar, squat down keeping chest upright, drive back up.",https://www.youtube.com/watch?v=7oLJkqX8aFE
Anderson Squat,Strength,Barbell (Rack with Pins),Lower Body,Push,"Quads, Glutes",Begin squat from bottom position with bar on pins; press up explosively.,https://www.youtube.com/watch?v=ZY94hZ72LT8
Monolift Squat,Strength,Monolift Rack,Lower Body,Push,"Glutes, Quads, Core","Step under bar in monolift rack, descend into squat, return upright.",https://www.youtube.com/watch?v=U3uUOYNWqak
Good Morning Squat Combo,Strength,Barbell,Full Body,Compound,"Hamstrings, Glutes, Quads, Core","Perform good morning on descent, transition into squat and stand up.",https://www.youtube.com/watch?v=fLfG8HGnxA4
Turkish Get-Up,Strength,Kettlebell,Full Body,Compound,"Shoulders, Core, Glutes","Hold KB overhead, move from lying to standing through controlled steps, return.",https://www.youtube.com/watch?v=0EGuKEMzKao
Hindu Squat,Mobility,Bodyweight,Lower Body,Push,"Quads, Calves, Core","From standing, swing arms as you squat onto balls of feet, then return.",https://www.youtube.com/watch?v=jPSVPO0gkUU
Jockey Squat,Cardio,Bodyweight,Lower Body,Push,"Quads, Calves","Pulse in shallow squats, rapidly switching foot positions.",https://www.youtube.com/watch?v=jDC4y2fX3ZQ
Shrimp Squat,Strength,Bodyweight,Lower Body,Push,"Quads, Glutes, Balance","Grab foot behind you, descend into single-leg squat with back leg trailing.",https://www.youtube.com/watch?v=2jMRYvGMxqY
Weighted Sled Push,Strength/Cardio,Sled + Weight,Full Body,Push,"Glutes, Quads, Core, Shoulders","Lean forward with hands on sled, push forcefully while keeping posture tight.",https://www.youtube.com/watch?v=l0yGzXIdYAk
Sled Pull,Strength,Sled + Harness,Full Body,Pull,"Hamstrings, Glutes, Back","Attach harness, pull sled walking or sprinting backward or forward.",https://www.youtube.com/watch?v=cFyoWXaBEhw
Standing Band Twist,Core,Resistance Band,Core,Twist,"Obliques, Abs","Attach band at chest height, twist torso away from anchor while keeping hips fixed.",https://www.youtube.com/watch?v=w8gB9G1DQKQ
Bulgarian Split Squat,Strength,Dumbbells / Bodyweight,Lower Body,Push,"Quads, Glutes, Hamstrings","Rear foot on bench, lower into a lunge on front leg.",https://www.youtube.com/watch?v=2C-uNgKwPLE
Cossack Squat,Mobility,Bodyweight,Lower Body,Side,"Adductors, Glutes, Quads","Wide stance, shift weight to one leg, squat while other is extended.",https://www.youtube.com/watch?v=QgQ_J_qTkxo
Box Jump,Plyometrics,Plyo Box,Lower Body,Explosive,"Glutes, Quads, Calves","Jump explosively onto box, stand tall, step down carefully.",https://www.youtube.com/watch?v=52r1Y4s3qVo
Nordic Hamstring Curl,Strength,Partner / Anchor,Lower Body,Pull,Hamstrings,"Kneeling, partner holds feet, slowly lower torso forward and pull back up.",https://www.youtube.com/watch?v=EKroFZB3PwU
Reverse Fly,Strength,Dumbbells / Bands,Upper Body,Pull,"Rear Delts, Upper Back","Bend at hips and lift weights laterally, squeezing shoulder blades.",https://www.youtube.com/watch?v=U-6djLUs2fM4
Face Pull,Strength,Cable / Band,Upper Body,Pull,"Rear Delts, Traps","Pull cable/band towards face with elbows high, squeeze shoulder blades.",https://www.youtube.com/watch?v=rep-qVOkqgk
Renegade Row,Core & Strength,Dumbbells,Full Body,Pull,"Back, Core, Shoulders","In plank, row one dumbbell, then alternate, keeping body stable.",https://www.youtube.com/watch?v=YNlW9kMHo9w
T-Push-Up,Core & Strength,Bodyweight,Upper Body,Push,"Chest, Triceps, Core","Perform push-up, then rotate into side plank, arm extended to ceiling, alternate sides.",https://www.youtube.com/watch?v=JB2oyawG9KI
Archer Push-Up,Strength,Bodyweight,Upper Body,Push,"Chest, Triceps, Shoulders","Wide push-up, shift weight to one side while extending other arm straight.",https://www.youtube.com/watch?v=DywF6cp0iEs
Hand-Release Push-Up,Strength,Bodyweight,Upper Body,Push,"Chest, Triceps","On ground, lift chest and hands off the floor each rep before pressing up.",https://www.youtube.com/watch?v=tMohrFPLNN0
Single-Leg Deadlift,Strength,Dumbbell / Kettlebell,Lower Body,Pull,"Hamstrings, Glutes, Core","Hinge forward on one leg, reaching weight toward floor while other leg extends backward.",https://www.youtube.com/watch?v=8iPNM2z3jjA
Golfer�s Carry,Core & Strength,Dumbbell / Kettlebell,Full Body,Carry,"Core, Grip, Shoulders",Farmer�s carry on one side to force anti-lateral flexion in core.,https://www.youtube.com/watch?v=v8r_qKUdhtU
Overhead Walking Lunge,Strength,Dumbbell / Kettlebell,Full Body,Lunge,"Legs, Core, Shoulders",Hold weight overhead while performing walking lunges.,https://www.youtube.com/watch?v=odf09Jks7Hc
Sumo Deadlift High Pull,Strength,Barbell / Kettlebell,Full Body,Pull,"Glutes, Quads, Shoulders, Upper Back","Wide deadlift pull explosively into high pull, finishing at chest height.",https://www.youtube.com/watch?v=4jCan_wQPgE
Dumbbell Thruster,Strength,Dumbbells,Full Body,Compound,"Quads, Glutes, Shoulders","Squat down holding DBs, stand up and press overhead in one fluid motion.",https://www.youtube.com/watch?v=ycWPtq2ieo8
Cuban Press,Strength,Dumbbells / Bands,Upper Body,Rotation,"Rotator Cuff, Rear Delts","External rotation into press: raise DBs to 90� externally, then press overhead.",https://www.youtube.com/watch?v=cIR95QP_8Zs
Jefferson Deadlift,Strength,Barbell,Full Body,Pull,"Back, Glutes, Hamstrings","Stand over bar straddling, lift with hips and legs simultaneously like a clean.",https://www.youtube.com/watch?v=3wXJ9bDtlFs
Zercher Carry,Strength Carry,Barbell,Full Body,Carry,"Core, Quads, Upper Back","Cradle bar in crooks of elbows, walk while maintaining upright torso.",https://www.youtube.com/watch?v=4DNI5ojCvwg
Sandbag Bear Hug Carry,Strength Carry,Sandbag,Full Body,Carry,"Core, Chest, Grip",Hug sandbag and walk; great for strength and conditioning.,https://www.youtube.com/watch?v=BSTkHVA1hKM
Meadows Row,Strength,Dumbbell / Landmine,Back,Pull,"Lats, Traps, Rear Delts",One-arm row with neutral grip on barbell angled into landmine base.,https://www.youtube.com/watch?v=0z0BnRi8Ul0
Banded Face Pull,Strength,Resistance Band,Upper Body,Pull,"Rear Delts, Rotator Cuff",Face pull variation using band anchored at head height.,https://www.youtube.com/watch?v=4FxpkgY8uZ4
Glute-Ham Raise,Strength,GHD Machine,Lower Body,Pull,"Hamstrings, Glutes","On GHD, secure feet, hinge at knees/hips to lower then raise torso.",https://www.youtube.com/watch?v=Z2h2bt96D4Q
Seated Good Morning,Strength,Barbell / Dumbbell,Lower Body,Hinge,"Hamstrings, Lower Back","Sit upright, hinge at hips with weight across shoulders.",https://www.youtube.com/watch?v=I4ycCO3Puyc
Wall Slide,Mobility,Wall,Upper Body,Mobility,"Shoulders, Upper Back","Stand back and press arms overhead sliding along a wall, keep back flat.",https://www.youtube.com/watch?v=jPlbOlJza8A
Scapular Pull-Up,Strength,Pull-Up Bar,Upper Body,Pull,"Lats, Scapular Muscles","Hang, then depress shoulders to lift body slightly before full pull-up.",https://www.youtube.com/watch?v=6IbLJWrcvFg
Kneeling Cable Crunch,Core,Cable Machine,Core,Crunch,Abs,"Kneel, crunch down using cable, keeping lower back neutral.",https://www.youtube.com/watch?v=V_3Z4v3qflE
Reverse Hypers,Strength,Reverse Hyper Machine,Lower Body,Extension,"Glutes, Lower Back","Lie face down, brace core, extend hips upward using posterior chain.",https://www.youtube.com/watch?v=4NjYvG-Qes0
Sissy Deadlift,Strength,Dumbbells / Bodyweight,Lower Body,Pull,"Hamstrings, Calves, Glutes","From standing, hinge at ankles (not knees), lower hips and raise heels.",https://www.youtube.com/watch?v=Q_6XkF-iJWg
Kettlebell Halo,Mobility,Kettlebell,Upper Body,Mobility,"Shoulders, Core",Rotate kettlebell around head in a controlled �halo� motion.,https://www.youtube.com/watch?v=d0QS1FXzMN0
Dragon Flag,Core,Bodyweight / Bench,Core,Hold,"Abs, Hip Flexors","Lie supine, hold bench, lower straight body to near-floor, then raise back up.",https://www.youtube.com/watch?v=vqV32tctTH8
L-Sit,Strength,Parallettes / Dip Bars,Core,Hold,"Abs, Hip Flexors, Shoulders",Lift legs held straight out in front while holding body on bars.,https://www.youtube.com/watch?v=4FjfTXxadVI
Elevated Pike Push-Up,Strength,Box or Bench,Upper Body,Push,"Shoulders, Upper Chest",Pike push-up with feet elevated while hands on floor; lean forward.,https://www.youtube.com/watch?v=BB9xTrFwL0w
Weighted Dip,Strength,Dip Bars + Weight Belt,Upper Body,Push,"Chest, Triceps, Shoulders",Perform dip with added weight via belt.,https://www.youtube.com/watch?v=xkKcChWzbKw
Ring Archer Pull-Up,Strength,Gymnastics Rings,Upper Body,Pull,"Lats, Biceps, Core","Wide ring pull-up, shifting to one arm while other extends.",https://www.youtube.com/watch?v=4oXXJJcKs2U
Skin-the-Cat,Mobility,Gymnastics Rings,Upper Body,Mobility,"Shoulders, Upper Back","Hang and rotate through rings, bringing feet toward rings then return.",https://www.youtube.com/watch?v=EFRqsuvAbFU
Deep Step-Up,Strength,Box,Lower Body,Step,"Quads, Glutes","Step with front foot on high box and drive upward, trailing leg off.",https://www.youtube.com/watch?v=3huAcvbartg
Cross-Body Hammer Curl,Strength,Dumbbell,Upper Body,Pull,"Biceps, Brachialis",Curl dumbbell across body toward opposite shoulder.,https://www.youtube.com/watch?v=zC3nLlEvin4
Reverse Plate Curls,Strength,Barbell Plate,Upper Body,Pull,"Forearms, Biceps","Hold weight plate vertically, curl using radial deviation of wrist.",https://www.youtube.com/watch?v=ieQXq0_BhDI
Stir-the-Pot,Core,Stability Ball,Core,Hold/Hip,"Abs, Obliques","In plank with forearms on ball, create circles (�stir�) with one forearm, then reverse.",https://www.youtube.com/watch?v=YVu5jOAqYmw
Windmill,Mobility/Strength,Dumbbell / Kettlebell,Lower/Upper Body,Hold,"Obliques, Glutes, Shoulders","Feet wide, hinge at hips, lift one arm overhead, lean to side, return.",https://www.youtube.com/watch?v=WdA4Hcf_BfQ
Kettlebell Snatch,Strength,Kettlebell,Full Body,Pull,"Shoulders, Back, Hips, Core",Swing kettlebell between legs to overhead in one explosive motion.,https://www.youtube.com/watch?v=qnSfGME44Ls
Turkish Sit-Up,Strength,Kettlebell,Core,Compound,"Core, Shoulders, Hips",Similar to get-up but ending in sit-up; control KB overhead while sitting up.,https://www.youtube.com/watch?v=K0cWDE_hJvU
Lunge with Twist,Mobility/Core,Medicine Ball / Bodyweight,Lower/Upper Body,Lunge,"Quads, Glutes, Obliques","Lunge forward, twist torso and ball toward lunging side, return and switch.",https://www.youtube.com/watch?v=QxJcwXHXVC8
Weighted Nordic Ham Curl,Strength,Weight Plate + Anchor,Lower Body,Pull,Hamstrings,Same as Nordic curl with a plate across chest for added resistance.,https://www.youtube.com/watch?v=j9QCnKD7Kes
Archer Row,Strength,Dumbbell / Bodyweight,Upper Body,Pull,"Lats, Biceps","One-arm row while opposite arm straight out to the side, alternating sides.",https://www.youtube.com/watch?v=889uL7Z5nXA
Side Plank Leg Lift,Core,Bodyweight,Core/Lower Body,Hold/Pull,"Obliques, Glutes","In side plank, lift top leg up and down while maintaining posture.",https://www.youtube.com/watch?v=Ix9EYnceDPQ
Hollow Body Hold,Core,Bodyweight,Core,Hold,Abs,"Lie supine, lift shoulders and legs off the ground into hollow position; hold.",https://www.youtube.com/watch?v=pyBtbwQIxIw
Single-Leg Glute Bridge,Strength,Bodyweight/Dumbbell,Lower Body,Push,"Glutes, Hamstrings, Core","Lie supine, one foot on floor, lift hips high; repeat each leg.",https://www.youtube.com/watch?v=ayJP9T0pI10
Elevated Single-Leg Bridge,Strength,Bench/Bodyweight,Lower Body,Push,"Glutes, Hamstrings, Core","Feet on bench, one foot extended, lift hips into bridge.",https://www.youtube.com/watch?v=JB2RF8Hk0Tk
Duck Walk,Mobility,Bodyweight,Lower Body,Walk,"Quads, Hamstrings, Glutes",Squat low and walk forward or backward with small steps.,https://www.youtube.com/watch?v=8b99FpJjypw
Banded Hip Extension,Strength,Resistance Band,Lower Body,Extension,"Glutes, Hamstrings","Anchor band low, loop around ankle, extend leg backward slowly.",https://www.youtube.com/watch?v=8WXw9wj_pOg
Fire Hydrant,Strength,Bodyweight,Lower Body,Abduction,"Glutes, Core","On all fours, lift one knee outward, hold, return; repeat on other side.",https://www.youtube.com/watch?v=4dxYTZ_tXR4
Clamshell,Strength,Resistance Band,Lower Body,Abduction,"Gluteus Medius, Core","Lying side, knees bent, bandled thighs, open and close top knee.",https://www.youtube.com/watch?v=6t06N4qrVvM
Lateral Band Walk,Strength,Resistance Band,Lower Body,Abduction,"Glute Medius, Hip Stabilizers","Band around ankles, slight squat, step sideways maintaining tension.",https://www.youtube.com/watch?v=4-vc4a_qjWI
Step Down,Strength,Box,Lower Body,Control,"Glutes, Quads, Hamstrings","Stand on box, lower one heel to floor, then return slowly.",https://www.youtube.com/watch?v=2QHuX7IuoJg
Swiss Ball Ham Curl,Strength,Stability Ball,Lower Body,Curl,"Hamstrings, Glutes","Lie supine, heels on ball, bridge hips and curl ball toward you.",https://www.youtube.com/watch?v=9I37eWt6gMk
Standing Calf Raise,Strength,Bodyweight/Dumbbells,Lower Body,Raise,Calves,"Raise onto toes, pause at top, slowly lower.",https://www.youtube.com/watch?v=YMmgqO8Jo-k
Seated Calf Raise,Strength,Machine,Lower Body,Raise,Calves,"Seated with weight on thighs, raise toes, hold, lower.",https://www.youtube.com/watch?v=ID7Zn2fZ24Q
Reverse Calf Raise,Strength,Machine/Bodyweight,Lower Body,Lowering,Shin Muscles,"Stand on edge, lower heels below toes, raise back up.",https://www.youtube.com/watch?v=cEEuKmkmkGg
Lateral Lunge,Strength,Bodyweight/Dumbbell,Lower Body,Lunge,"Quads, Glutes, Adductors","Step laterally, bend leading knee, keep trailing leg straight, return.",https://www.youtube.com/watch?v=GJKYLlzygXA
Curtsy Lunge,Strength,Bodyweight/Dumbbell,Lower Body,Lunge,"Glutes, Quads, Core","Step one leg back and across, bend knees into curtsy, return.",https://www.youtube.com/watch?v=RbGcIv6Ql4s
Skater Hop,Plyometrics,Bodyweight,Lower Body,Jump,"Glutes, Quads, Calves","Jump laterally landing on one foot, then hop to other.",https://www.youtube.com/watch?v=VY9GdLXHanw
Broad Jump,Plyometrics,Bodyweight,Lower Body,Jump,"Glutes, Quads, Hamstrings, Calves","Crouch, swing arms, jump forward as far as possible.",https://www.youtube.com/watch?v=7m8DzcXL4QA
Wall-Assisted Handstand,Mobility,Wall,Upper Body,Hold,"Shoulders, Core, Triceps","Kick to wall to hold handstand with back touching wall, maintain posture.",https://www.youtube.com/watch?v=RmswrGYG5bs
Pike Push-Up,Strength,Bodyweight,Upper Body,Push,"Shoulders, Upper Chest","From downward dog, lower head to floor, push back up.",https://www.youtube.com/watch?v=2z8JmcrW-As
Dive Bomber Push-Up,Strength,Bodyweight,Upper Body,Push,"Shoulders, Chest, Back","From downward dog, swoop chest/lower back close to floor, reverse back.",https://www.youtube.com/watch?v=qxRjejLxwNs
Plyo Push-Up,Plyometrics,Bodyweight,Upper Body,Push,"Chest, Triceps, Shoulders","Explode up into hands leaving ground, land softly.",https://www.youtube.com/watch?v=fR9s2Xax0SQ
Archer Pull-Up,Strength,Pull-Up Bar,Upper Body,Pull,"Lats, Biceps","Wide pull-up, shift to one side as opposite arm straightens; alternate.",https://www.youtube.com/watch?v=FEn-IY87YBs
One-Arm Push-Up,Strength,Bodyweight,Upper Body,Push,"Chest, Triceps, Core","Feet wide, perform push-up with one arm; switch sides.",https://www.youtube.com/watch?v=tnwpA7HytAE
Deep Push-Up,Strength,Parallettes/Plates,Upper Body,Push,"Chest, Shoulders, Triceps","Use parallettes or plates to dip chest below hands, then push back.",https://www.youtube.com/watch?v=8t2fQVGTUQ8
Ring Dip,Strength,Gymnastics Rings,Upper Body,Push,"Chest, Triceps, Shoulders",Perform dip on rings with controlled depth and stable rings.,https://www.youtube.com/watch?v=wSzG5AF5a9I
Ring Row,Strength,Gymnastics Rings,Upper Body,Pull,"Back, Biceps, Core","Hang under rings, pull chest to rings, maintain plank body.",https://www.youtube.com/watch?v=oL0arQ7c8Q0
Muscle-Up,Strength/Plyo,Pull-Up Bar,Upper Body,Pull/Push,"Lats, Chest, Shoulders, Core",Pull chest to bar and transition into dip; press up.,https://www.youtube.com/watch?v=1zE9wUWBKsk
Straight Bar Dip,Strength,Pull-Up Bar,Upper Body,Push,"Chest, Triceps, Front Delts","Hang between bar, lower body between bars, then push up.",https://www.youtube.com/watch?v=bAqklfzjvsI
Chest-to-Bar Pull-Up,Strength,Pull-Up Bar,Upper Body,Pull,"Back, Biceps",Pull until your chest touches the bar.,https://www.youtube.com/watch?v=klQIGsKt3f4
Weighted Pull-Up,Strength,Pull-Up Bar + Weight Belt,Upper Body,Pull,"Back, Biceps",Perform pull-up while wearing additional weight.,https://www.youtube.com/watch?v=xZ3CqP6nUKE
Bent-Over Row,Strength,Barbell/Dumbbell,Upper Body,Pull,"Back, Biceps, Posterior Delts","Hinge at hips, row weight to abdomen keeping elbows close.",https://www.youtube.com/watch?v=vT2GjY_Umpw
Pendlay Row,Strength,Barbell,Upper Body,Pull,"Back, Lats, Rear Delts","Flat back, dead-stop row to low chest from floor each rep.",https://www.youtube.com/watch?v=5qY7nWfClEw
Y-T-I Raise,Mobility,Dumbbells,Upper Body,Raise,"Upper Back, Rear Delts, Traps","On bench/ball, raise arms into Y, then T, then I shape sequentially.",https://www.youtube.com/watch?v=MEPhDaX6B4Y
Overhead Tricep Extension,Strength,Dumbbell/Kettlebell,Upper Body,Extension,Triceps,"Seated or standing, lower weight behind head, extend arms upward fully.",https://www.youtube.com/watch?v=_gsUck-7M74
Skull Crusher,Strength,EZ-Bar/Dumbbell,Upper Body,Extension,Triceps,"Lie, lower weight to forehead/behind head, press back to straight arm.",https://www.youtube.com/watch?v=d_KZxkY_0cM
Close-Grip Bench Press,Strength,Barbell,Upper Body,Push,"Triceps, Chest","Lie, grip closer than shoulder width, press bar up and down under control.",https://www.youtube.com/watch?v=SrqOu55lrYU
Dumbbell Bench Press,Strength,Dumbbells,Upper Body,Push,"Chest, Triceps, Shoulders","Flat bench, press DBs up, control lowering.",https://www.youtube.com/watch?v=VmB1G1K7v94
Incline Dumbbell Press,Strength,Dumbbells,Upper Body,Push,"Upper Chest, Shoulders","On incline bench, press DBs up and in.",https://www.youtube.com/watch?v=8iPEnn-ltC8
Decline Dumbbell Press,Strength,Dumbbells,Upper Body,Push,"Lower Chest, Shoulders","On decline bench, press DBs up and in.",https://www.youtube.com/watch?v=0rQWavZ8oHs
Dumbbell Fly,Strength,Dumbbells,Upper Body,Fly,Chest,"On flat bench, open arms wide and bring together above chest.",https://www.youtube.com/watch?v=eozdVDA78K0
Incline Dumbbell Fly,Strength,Dumbbells,Upper Body,Fly,Upper Chest,"On incline bench, perform fly movement overhead.",https://www.youtube.com/watch?v=pEdocxrBB6s
Commodore Press,Strength,Dumbbell/Barbell,Upper Body,Push,"Chest, Shoulders",Press weight at forehead level upward in line with ears.,https://www.youtube.com/watch?v=RaJ_URE5w3E
Lateral Raise,Strength,Dumbbells,Upper Body,Raise,Side Delts,Raise arms to side up to shoulder height with light weights.,https://www.youtube.com/watch?v=3VcKaXpzqRo
Front Raise,Strength,Dumbbells,Upper Body,Raise,Front Delts,"Raise arms forward to shoulder height, control down.",https://www.youtube.com/watch?v=-t7fuZ0KhDA
Cable Rear Delt Fly,Strength,Cable/Pulley,Upper Body,Fly,"Rear Delts, Upper Back","Face cable machine, pull handles apart with elbows slightly bent.",https://www.youtube.com/watch?v=QDxR80ZRbEg
Dumbbell Pull-Over,Strength,Dumbbell,Upper Body,Pull,"Chest, Lats","Lie perpendicular on bench, lower DB behind head, pull back over chest.",https://www.youtube.com/watch?v=2z8JmcrW-As
Kettlebell Farmer's Walk,Strength Carry,Kettlebells,Full Body,Carry,"Grip, Core, Shoulders, Back",Hold kettlebells by your sides and walk while maintaining posture.,https://www.youtube.com/watch?v=4pqlQQUAD9w
Suitcase Carry,Strength Carry,Dumbbell/Kettlebell,Unilateral,Carry,"Core Obliques, Grip, Shoulders","Hold one weight at your side, walk without leaning.",https://www.youtube.com/watch?v=vdigk2fcU3o
Zercher Squat,Strength,Barbell,Lower Body,Squat,"Quads, Glutes, Core","Cradle bar in elbows, squat down and back up keeping torso upright.",https://www.youtube.com/watch?v=0F2Crsi7jEo
Goblet Squat,Strength,Dumbbell/Kettlebell,Lower Body,Squat,"Quads, Glutes, Core","Hold weight at chest, squat with chest up, knees out, return to standing.",https://www.youtube.com/watch?v=6xw1uu4DBJk
Sumo Squat,Strength,Dumbbell/Kettlebell,Lower Body,Squat,"Quads, Adductors, Glutes","Wide stance, toes out, lower hips down then up.",https://www.youtube.com/watch?v=YjxLQgXtMlM
Jefferson Squat,Strength,Barbell,Lower Body,Squat,"Quads, Hamstrings, Core","Stand over barbell, straddle it, lower into squat, then stand.",https://www.youtube.com/watch?v=3wXJ9bDtlFs
Overhead Squat,Strength,Barbell,Full Body,Squat,"Quads, Glutes, Shoulders, Core","Hold bar overhead, squat with torso upright, drive back.",https://www.youtube.com/watch?v=xSJqP-GLjmg
Yoke Walk,Strength Carry,Yoke Bar,Full Body,Carry,"Shoulders, Back, Core, Legs","Shoulder yoke bar, walk forward steadily, keep torso stable.",https://www.youtube.com/watch?v=Gv7kvRzwSyw
Zercher Good Morning,Strength,Barbell,Lower Body,Hinge/Squat,"Hamstrings, Glutes, Core","Load bar in crooks of elbow, hinge forward, return to upright.",https://www.youtube.com/watch?v=wGC2rvJddHg
Trap Bar Deadlift,Strength,Trap Bar,Full Body,Pull,"Glutes, Hamstrings, Back","Stand inside trap/hex bar, lift with legs and hips.",https://www.youtube.com/watch?v=ym5tXq_Oe9o
Romanian Deadlift,Strength,Barbell/Dumbbell,Lower Body,Hinge,"Hamstrings, Glutes, Back","Hinge at hips with slight knee bend, lower bar to shin level, return.",https://www.youtube.com/watch?v=2SHsk9AzdjA
Snatch-Grip Deadlift,Strength,Barbell,Full Body,Pull,"Glutes, Hamstrings, Upper Back","Wide grip deadlift, keeping back straight, lift bar to hip.",https://www.youtube.com/watch?v=sxUa2x4OX6s
Deficit Deadlift,Strength,Barbell + Platform,Full Body,Pull,"Glutes, Hamstrings, Back","Stand on platform, lift barbell from a lower starting point.",https://www.youtube.com/watch?v=8n_SpQe_01c
Snatch,Olympic Lift,Barbell,Full Body,Pull/Explosive,"Shoulders, Glutes, Hips, Back",Wide power grip pull from floor to overhead in explosive motion.,https://www.youtube.com/watch?v=0OQe2ouhg5k
Clean and Jerk,Olympic Lift,Barbell,Full Body,Pull/Push,"Shoulders, Legs, Back, Core","Clean bar to shoulders, then jerk overhead; split or push jerk.",https://www.youtube.com/watch?v=7T0KbO-nMQ8
Power Clean,Olympic Lift,Barbell,Full Body,Pull,"Hips, Legs, Back","Pull bar explosively, catch in partial front squat position.",https://www.youtube.com/watch?v=4B80Sg3WL1c
Push Press,Strength,Barbell/Dumbbells,Upper Body,Push,"Shoulders, Triceps, Legs","Dip and drive bar overhead, lock arms out.",https://www.youtube.com/watch?v=6ZUWxV_o0HU
Push Jerk,Strength,Barbell/Dumbbells,Full Body,Push,"Shoulders, Legs, Core",Similar to push press but use split/squat to receive weight overhead.,https://www.youtube.com/watch?v=KPLAHD-ziVs
Split Jerk,Strength,Barbell,Full Body,Push,"Shoulders, Legs, Core","After split jerk, drive under bar and lock out overhead.",https://www.youtube.com/watch?v=g3t3_O0hdNM
Overhead Walking Lunge,Strength,Dumbbell/Kettlebell,Full Body,Lunge,"Legs, Core, Shoulders",Dumbbell or KB held overhead while stepping forward into lunges.,https://www.youtube.com/watch?v=odf09Jks7Hc
Jefferson Deadlift,Strength,Trap Bar/Hex Bar,Full Body,Pull,"Back, Hamstrings, Glutes","Similar to Jefferson squat, but deadlifted in a hinge-like position.",https://www.youtube.com/watch?v=dIVIigSgTHE
Rack Pull,Strength,Barbell + Rack,Back/Hamstrings,Pull,"Back, Glutes, Hamstrings",Deadlift from rack pins above floor; lockout reps.,https://www.youtube.com/watch?v=OEoHLSZbxJg
Hip Thrust,Strength,Barbell/Barbell Pad,Lower Body,Thrust,"Glutes, Hamstrings","Shoulders on bench, barbell across hips, thrust ups while driving through heels.",https://www.youtube.com/watch?v=LM8XHLYJoYs
Band-Resisted Squat,Strength,Resistance Band,Lower Body,Squat,"Quads, Glutes, Core","Loop band around waist anchored above, squat while pushing against tension.",https://www.youtube.com/watch?v=rbZjy4ypr1c
Box Squat,Strength,Box + Barbell,Lower Body,Squat,"Quads, Glutes, Core","Sit back onto box, pause, then drive up.",https://www.youtube.com/watch?v=7QXw9MbXtaj8
Tempo Squat,Strength,Barbell,Lower Body,Squat,"Quads, Glutes","Slow descent (e.g., 4s), pause at bottom, explosive rise.",https://www.youtube.com/watch?v=2JtGX9z-U10
Jefferson Clean,Strength,Trap Bar,Full Body,Pull,"Back, Quads, Hamstrings",Combine Jefferson stance with clean movement; stride and pull.,https://www.youtube.com/watch?v=9gugugk7NKg
Sled Drag,Strength/Cardio,Sled + Harness,Lower Body,Drag,"Hamstrings, Glutes",Walk backwards dragging a sled; focus on steady controlled steps.,https://www.youtube.com/watch?v=EJcK0F65hW0
Prowler Sprint,Plyometrics/Cardio,Sled + Handles,Full Body,Sprint,"Legs, Core, Arms","Sprint forward, pushing sled with high speed and drive.",https://www.youtube.com/watch?v=KyUbxs0v3UE
Tuck Jump,Plyometrics,Bodyweight,Lower Body,Jump,"Quads, Glutes, Core","Jump explosively, tuck knees to chest at top, land softly.",https://www.youtube.com/watch?v=8vu77g6QF7o
Broad to Vertical Jump,Plyometrics,Bodyweight,Lower Body,Jump,"Quads, Glutes, Calves",Jump forward then immediately vertical jump.,https://www.youtube.com/watch?v=rb8clmXeXlw
Reverse Plyo Lunge,Plyometrics,Bodyweight,Lower Body,Jump/Lunge,"Quads, Glutes, Calves",Jump or step back lunging explosively with alternating legs.,https://www.youtube.com/watch?v=_I49-pvmDfk
Jump Over Box,Plyometrics,Plyo Box,Lower Body,Jump,"Quads, Glutes, Calves","Jump laterally over box, land softly, repeat.",https://www.youtube.com/watch?v=3UyrrrcEBkY
Speed Skater,Cardio,Bodyweight,Lower Body,Jump,"Glutes, Quads, Calves","Similar to skater hop but faster, focusing on foot speed.",https://www.youtube.com/watch?v=Phl5rMZSA5A
Lateral Plyo Lunge,Plyometrics,Bodyweight,Lower Body,Jump/Lunge,"Quads, Glutes, Calves","From lateral lunge, explode up and switch sides landing softly.",https://www.youtube.com/watch?v=JQiBAlFQOrc
Kettlebell Swing,Strength,Kettlebell,Lower Body,Hinge,"Hamstrings, Glutes, Back","Hinge at hips, swing KB to chest height (Russian) or overhead (American).",https://www.youtube.com/watch?v=YSx9OdnrQz0
Double Kettlebell Swing,Strength,Kettlebells,Full Body,Hinge,"Hamstrings, Glutes, Back","Swing two kettlebells simultaneously, hinging at hips.",https://www.youtube.com/watch?v=8ZKm2Bue9oE
Kettlebell Clean,Strength,Kettlebell,Full Body,Pull,"Shoulders, Back, Hips",Swing and rack kettlebell on forearm; control return.,https://www.youtube.com/watch?v=zXUoWvjxO8g
Kettlebell Jerk,Strength,Kettlebell,Full Body,Push,"Shoulders, Legs, Core","Clean KB to rack, dip then drive overhead with legs.",https://www.youtube.com/watch?v=vq7ob7h0t1E
Jefferson Press,Strength,Dumbbell/KB,Full Body,Press,"Shoulders, Core, Legs",In Jefferson stance hold DB overhead pressing with leg split.,https://www.youtube.com/watch?v/2FpD5fG5a_s
Windmill Stretch,Mobility/Strength,Dumbbell/Kettlebell,Full Body,Hinge,"Obliques, Hamstrings, Shoulders","Wide stance, high arm holds weight, hinge to side lowering free hand to foot.",https://www.youtube.com/watch?v=WdA4Hcf_BfQ
Kettlebell Windmill,Mobility/Strength,Kettlebell,Full Body,Hold/Hinge,"Obliques, Shoulders, Hamstrings","Hold KB overhead, hinge opposite side, return controlled.",https://www.youtube.com/watch?v=6OZbxY0Z8sY
Dragon Flag Hold,Core,Bodyweight,Core,Hold,"Abs, Hip Flexors","Advanced core hold: lower body straight from bench, then raise back.",https://www.youtube.com/watch?v=vqV32tctTH8
Weighted Dragon Flag,Core,Dumbbells/Plate,Core,Hold,"Abs, Hip Flexors",Add light weight behind head while performing dragon flag.,https://www.youtube.com/watch?v=7C3reG6NqWQ
Hanging Leg Raise,Core,Pull-Up Bar,Core,Pull,"Abs, Hip Flexors","Hang, raise straight legs to bar or 90?, lower slowly.",https://www.youtube.com/watch?v=VmB1G1K7v94
Toes-to-Bar,Core,Pull-Up Bar,Core,Pull,"Abs, Hip Flexors","Hang, lift toes to touch bar, return straight.",https://www.youtube.com/watch?v=80pcPc1zRUM
Windshield Wipers,Core,Pull-Up Bar,Core,Twist,"Abs, Obliques","Hang, lift legs to 90?, swing them side to side.",https://www.youtube.com/watch?v=uby7G_tk5kQ
L-Sit Pull-Up,Strength,Pull-Up Bar/Dip Bars,Full Body,Pull,"Back, Abs, Shoulders",Combine L-sit hold while performing pull-ups.,https://www.youtube.com/watch?v=4FjfTXxadVI
Archer Push-Up (Wide),Strength,Bodyweight,Upper Body,Push,"Chest, Triceps, Shoulders","Wider stance version, extend one arm while pushing with the other.",https://www.youtube.com/watch?v=DywF6cp0iEs
Pseudo Planche Push-Up,Strength,Bodyweight,Upper Body,Push,"Shoulders, Chest, Core","Hands near waist, lean forward into push-up, mimicking planche.",https://www.youtube.com/watch?v=O4K2Pl3Mb9c
Sissy Squat,Strength,Bodyweight/Sissy Bench,Lower Body,Squat,"Quads, Core","Lean back while keeping knees forward, descend, then return upright.",https://www.youtube.com/watch?v=XjxFcb0fJqY
Kneeling Squat,Strength,Barbell/Dumbbell,Lower Body,Squat,"Glutes, Hamstrings","Start on knees, sit back on heels, thrust hips forward.",https://www.youtube.com/watch?v=gEL84kz77nI
Lateral Step-Up,Strength,Box or Bench + Dumbbell,Lower Body,Step-Up,"Quads, Glutes","Step laterally onto elevated surface, drive through top foot.",https://www.youtube.com/watch?v=SGyKR0qBfqY
Single-Leg Box Squat,Strength,Box,Lower Body,Squat,"Quads, Glutes, Core","Lower to seated on box with one leg, return using the same leg.",https://www.youtube.com/watch?v=NJx4twF6pG8
Banded Leg Press,Strength,Resistance Band,Lower Body,Push,"Quads, Glutes","Press feet forward against anchored band, return slowly.",https://www.youtube.com/watch?v=KBgd2rFSfOY
Barbell Hack Squat,Strength,Barbell,Lower Body,Squat,"Quads, Glutes, Calves","Barbell behind legs, squat while keeping torso upright.",https://www.youtube.com/watch?v=6Ocyf9mfi6A
Knees Over Toes Lunge,Mobility/Strength,Bodyweight/Dumbbell,Lower Body,Lunge,"Quads, Ankles",Step forward with knee traveling past toes to improve mobility.,https://www.youtube.com/watch?v=LU6gx0S8cU8
Poliquin Step-Up,Strength,Platform,Lower Body,Step-Up,Quads,"Elevated heel, lower back heel past step, push through lead leg.",https://www.youtube.com/watch?v=tvyk5FMkKRo
Kang Squat,Strength,Barbell,Full Body,Squat/Hinge,"Quads, Glutes, Back","Begin like RDL, transition into squat, return through same motion.",https://www.youtube.com/watch?v=oiXy5Zs3Q6g
Cyclist Squat,Strength,Dumbbell/Weight Plate,Lower Body,Squat,Quads,"Heels elevated, narrow stance squat focusing on knees traveling forward.",https://www.youtube.com/watch?v=GBr9ML8NXLU
Reverse Nordic Curl,Strength,Bodyweight,Lower Body,Curl,"Quads, Core","Kneel and lean backward keeping hips extended, return.",https://www.youtube.com/watch?v=s5M61GIOsZI
Step-Through Lunge,Strength,Bodyweight/Dumbbell,Lower Body,Lunge,"Quads, Glutes",Lunge forward then step directly into reverse lunge with same leg.,https://www.youtube.com/watch?v=PrjiyWgsV5I
ATG Split Squat,Strength/Mobility,Bodyweight/Dumbbell,Lower Body,Lunge,"Quads, Glutes, Ankles","Rear foot elevated, front knee passes toes, full depth lunge.",https://www.youtube.com/watch?v=qSzsujRa0jU
Cossack Squat,Mobility/Strength,Bodyweight,Lower Body,Squat,"Adductors, Glutes, Hamstrings","Lateral squat with straight trailing leg, maintain upright torso.",https://www.youtube.com/watch?v=Wyke0TzZY0g
Seated Good Morning,Strength,Barbell,Posterior Chain,Hinge,"Hamstrings, Glutes, Lower Back","Sit on bench, bar on back, hinge forward with straight spine.",https://www.youtube.com/watch?v=g1o03kWdaM4
Banded Hip Abduction,Strength,Resistance Band,Lower Body,Abduction,"Glute Medius, Hips","Loop band above knees, push legs outward while seated or standing.",https://www.youtube.com/watch?v=RZ6fqHliJzE
Lateral Band Walk,Strength,Resistance Band,Lower Body,Walk,"Glutes, Hips","Band above knees or ankles, side-step in squat stance.",https://www.youtube.com/watch?v=kzhkXnp8m6w
Kneeling Hip Thrust,Strength,Barbell/Bodyweight,Lower Body,Thrust,"Glutes, Hamstrings","Kneel on floor, drive hips forward, squeeze glutes.",https://www.youtube.com/watch?v=DCfP3QeSk0k
Landmine Squat to Press,Strength,Landmine,Full Body,Squat/Press,"Quads, Glutes, Shoulders","Squat with landmine, press overhead on rise.",https://www.youtube.com/watch?v=3x1yVq5aG1U
Landmine Reverse Lunge,Strength,Landmine,Lower Body,Lunge,"Quads, Glutes, Core","Hold barbell in landmine, reverse lunge, return.",https://www.youtube.com/watch?v=zbrLyTXvIzE
Barbell Rollout,Core,Barbell,Core,Rollout,"Abs, Lats","Grip barbell with plates, roll forward keeping hips stable.",https://www.youtube.com/watch?v=Y1jdrWzUp0s
Cable Pallof Press,Core,Cable Machine,Core,Anti-Rotation,"Obliques, Core","Stand perpendicular to cable, press cable forward resisting rotation.",https://www.youtube.com/watch?v=F4f_aSZsDNk
Stir-the-Pot,Core,Stability Ball,Core,Stability,"Abs, Obliques, Shoulders","Forearms on ball, stir clockwise/counter-clockwise while bracing core.",https://www.youtube.com/watch?v=0jMK-k1CmzI
Copenhagen Plank,Core/Isometric,Bench or Mat,Core,Hold,"Obliques, Adductors","Support upper leg on bench, lower leg off floor, hold side plank.",https://www.youtube.com/watch?v=Qrx8nq1rKHo
Dead Bug,Core,Bodyweight,Core,Stability,"Abs, Hip Flexors","Lie on back, alternate opposite arm and leg extension.",https://www.youtube.com/watch?v=8g7-0B1aPLc
Bird Dog Row,Core/Back,Dumbbell + Bench,"Core, Back",Row,"Core, Lats, Glutes","Bird-dog position, row with one arm.",https://www.youtube.com/watch?v=7HENx7Yhqjo
Resistance Band Chest Fly,Strength,Resistance Band,Upper Body,Fly,"Chest, Shoulders","Anchor band behind, extend arms out, squeeze chest.",https://www.youtube.com/watch?v=pSftF6u9gns
Incline Push-Up,Strength,Bench/Box,Upper Body,Push,"Chest, Triceps, Core",Perform push-up with hands elevated on box.,https://www.youtube.com/watch?v=lkqHpmxYtsw
Decline Push-Up,Strength,Bench/Box,Upper Body,Push,"Chest, Shoulders, Triceps","Feet elevated, hands on floor, push-up downward.",https://www.youtube.com/watch?v=qHQ_E-f5278
Close-Grip Push-Up,Strength,Bodyweight,Upper Body,Push,"Triceps, Chest","Keep hands under shoulders, elbows close to sides.",https://www.youtube.com/watch?v=EFOvTRnXrLk
Spiderman Push-Up,Strength,Bodyweight,Full Body,Push,"Chest, Core, Obliques",Bring knee to elbow as you lower into push-up.,https://www.youtube.com/watch?v=9s8ZOSoQGR4
Dive Bomber Push-Up,Strength,Bodyweight,Full Body,Push,"Chest, Shoulders, Triceps","Move from pike to upward dog and back, flowing push-up.",https://www.youtube.com/watch?v=66-v0AaANHk
Resistance Band Face Pull,Strength,Resistance Band,Upper Body,Pull,"Rear Delts, Traps","Pull bands toward face, elbows high and wide.",https://www.youtube.com/watch?v=q1ojv3Hr7xM
Y-Raise,Strength,Dumbbells,Upper Body,Raise,"Shoulders, Traps",Raise arms in �Y� shape while lying on incline or standing.,https://www.youtube.com/watch?v=UxJNj_EK7-A
Zottman Curl,Strength,Dumbbells,Upper Body,Curl,"Biceps, Forearms","Curl up palms up, rotate palms down, lower slowly.",https://www.youtube.com/watch?v=CMCLpN7N9cM
Drag Curl,Strength,Barbell,Upper Body,Curl,Biceps,"Pull bar upward against body, elbows behind torso.",https://www.youtube.com/watch?v=H6SRz7GqBFk
Hammer Curl to Press,Strength,Dumbbells,Upper Body,Curl/Press,"Biceps, Shoulders","Curl dumbbells, rotate and press overhead.",https://www.youtube.com/watch?v=E8bgS33VZ_M
Incline Curl,Strength,Dumbbells + Incline Bench,Upper Body,Curl,Biceps,"Sit on incline bench, curl dumbbells keeping elbows back.",https://www.youtube.com/watch?v=Y3yG1d9KTxQ
Tate Press,Strength,Dumbbells,Upper Body,Press,"Triceps, Chest","Lie down, bring dumbbells toward chest with elbows flared, then press.",https://www.youtube.com/watch?v=2vj0KcddvbA
French Press (Seated OH Ext),Strength,Barbell/Dumbbell,Upper Body,Press,Triceps,"Seated, press weight from behind head to full extension.",https://www.youtube.com/watch?v=SEvpykJ_KrY
Overhead Banded Triceps Ext,Strength,Resistance Band,Upper Body,Extension,Triceps,"Band behind back or foot, extend arm overhead.",https://www.youtube.com/watch?v=_bLMh8LD-b4
Concentration Curl,Strength,Dumbbell,Upper Body,Curl,Biceps,Sit and curl dumbbell with elbow resting on thigh.,https://www.youtube.com/watch?v=HgzBZUj0IXI
Landmine Lateral Raise,Strength,Landmine,Upper Body,Raise,"Shoulders, Traps",Hold sleeve of barbell and raise it sideways.,https://www.youtube.com/watch?v=H9uzUzO2DME
Kneeling Single Arm Press,Strength,Dumbbell,Upper Body,Press,"Shoulders, Core","Kneeling with one leg up, press dumbbell with opposite arm.",https://www.youtube.com/watch?v=KBO3k_PEvJU
Glute Bridge March,Strength,Bodyweight,Lower Body,Bridge,"Glutes, Hamstrings, Core","Perform glute bridge, lift one leg at a time without dropping hips.",https://www.youtube.com/watch?v=62ikZELUqdg
Wall Sit with Calf Raise,Strength/Isometric,Bodyweight,Lower Body,Hold/Isometric,"Quads, Calves, Core","Perform wall sit, raise and lower heels.",https://www.youtube.com/watch?v=ioc7jcQzEkI
Resistance Band Glute Bridge,Strength,Resistance Band,Lower Body,Bridge,"Glutes, Hamstrings","Loop band above knees, perform glute bridge pushing outward.",https://www.youtube.com/watch?v=89xF6bVdv3I
Dumbbell Pullover,Strength,Dumbbell,Upper Body,Pull,"Lats, Chest, Core","Lie on bench, lower dumbbell behind head, pull back up.",https://www.youtube.com/watch?v=R7O_RDU1i5g
Suitcase Squat,Strength,Dumbbells,Lower Body,Squat,"Quads, Glutes, Core","Hold dumbbells by sides, squat down keeping upright posture.",https://www.youtube.com/watch?v=fZ3OJLWfcsI
Split Stance Romanian Deadlift,Strength,Dumbbell,Lower Body,Hinge,"Hamstrings, Glutes","Rear foot slightly behind, hinge at hips with dumbbells.",https://www.youtube.com/watch?v=tWjBnD6jNfA
Banded Deadlift,Strength,Resistance Band,Lower Body,Hinge,"Hamstrings, Glutes","Stand on band, hinge and pull to upright.",https://www.youtube.com/watch?v=4MS9k0Avt2k
Good Morning with Dumbbells,Strength,Dumbbells,Posterior Chain,Hinge,"Hamstrings, Lower Back, Glutes","Hold dumbbells at shoulders, hinge forward, return upright.",https://www.youtube.com/watch?v=MYwNTPQK2F0
Goblet Curtsy Lunge,Strength,Dumbbell,Lower Body,Lunge,"Quads, Glutes, Adductors","Hold dumbbell at chest, lunge diagonally back and across.",https://www.youtube.com/watch?v=PrpzFJ7xPZ4
Wall Sit March,Strength/Isometric,Bodyweight,Lower Body,Hold,"Quads, Core","Wall sit position, lift alternating legs like a march.",https://www.youtube.com/watch?v=7qDNhloYHkw
Lying Hamstring Curl (Band),Strength,Resistance Band,Lower Body,Curl,Hamstrings,"Lie on stomach, curl feet toward glutes using band.",https://www.youtube.com/watch?v=NK4dTyDgvfI
Standing Glute Kickback,Strength,Cable/Band,Lower Body,Kickback,Glutes,"Anchor band, kick leg straight back.",https://www.youtube.com/watch?v=38_6GlqBMaU
Reverse Plank,Core/Isometric,Bodyweight,Core,Hold,"Core, Glutes, Shoulders","Face upward, hands behind, lift hips and hold plank.",https://www.youtube.com/watch?v=i0tflQK1dXM
Hollow Body Hold,Core/Isometric,Bodyweight,Core,Hold,Abs,"Lie on back, lift legs and arms off floor, keep spine pressed down.",https://www.youtube.com/watch?v=5zAkYWoM�Dk
Weighted Dead Bug,Core,Dumbbell,Core,Stability,"Abs, Hip Flexors","Hold dumbbells above chest, alternate leg and arm lowering.",https://www.youtube.com/watch?v=viWvN3XJAFU
Cross-Body Mountain Climber,Core/Cardio,Bodyweight,Core,Dynamic,"Abs, Obliques","In plank, bring knees toward opposite elbows rapidly.",https://www.youtube.com/watch?v=ZhiCSdOVJpM
Seated Russian Twist,Core,Dumbbell/Medicine Ball,Core,Twist,"Obliques, Abs",Sit and twist side to side with weight.,https://www.youtube.com/watch?v=wkD8rjkodUI
Swiss Ball V-Pass,Core,Stability Ball,Core,Dynamic,Abs,Pass ball between hands and feet while lifting both.,https://www.youtube.com/watch?v=Jkxpb8mZ9JQ
Stability Ball Stir-Pot Knees,Core,Stability Ball,Core,Dynamic/Hold,"Abs, Obliques","Hold plank on ball, bring knees in one at a time.",https://www.youtube.com/watch?v=tMjcH3cPqG8
Glider Pike,Core,Sliders/Gliders,Core,Pike,"Abs, Shoulders","In plank, slide feet forward into pike position.",https://www.youtube.com/watch?v=tqIFixyDlnU
Archer Push-Up,Strength,Bodyweight,Upper Body,Push,"Chest, Triceps, Core","Wide push-up, shift weight toward one arm.",https://www.youtube.com/watch?v=YQ9goONN_jg
Plyo Push-Up,Strength/Plyometric,Bodyweight,Upper Body,Push,"Chest, Triceps",Push explosively off the ground with clapping or hand lift.,https://www.youtube.com/watch?v=EBN8sX1eBnQ
Staggered Push-Up,Strength,Bodyweight,Upper Body,Push,"Chest, Shoulders","Offset hands slightly, perform push-up.",https://www.youtube.com/watch?v=KeF23IGzebA
1.5 Rep Push-Up,Strength,Bodyweight,Upper Body,Push,"Chest, Triceps, Core","Lower halfway, go back up, then do full push-up.",https://www.youtube.com/watch?v=IXxUdqGWoC4
Triceps Dip with Reach,Strength,Bench/Chair,Upper Body,Dip,"Triceps, Core","Dip down, then extend one leg up as you rise.",https://www.youtube.com/watch?v=pX2k9xrh0Z8
Pike Push-Up,Strength,Bodyweight,Upper Body,Push,"Shoulders, Triceps","Inverted V position, lower head toward ground.",https://www.youtube.com/watch?v=E9nEkno-DLw
Resistance Band Lateral Raise,Strength,Resistance Band,Upper Body,Raise,Shoulders,"Step on band, raise arms laterally.",https://www.youtube.com/watch?v=gVlNphnWcTQ
Resistance Band Front Raise,Strength,Resistance Band,Upper Body,Raise,Shoulders,"Step on band, raise arms forward.",https://www.youtube.com/watch?v=CKM�7wUnR54
Dumbbell Cuban Press,Strength,Dumbbell,Upper Body,Press/Rotation,"Rotator Cuff, Shoulders",External rotation into overhead press.,https://www.youtube.com/watch?v=LE07XBdQdW0
Scaption Raise,Strength,Dumbbell,Upper Body,Raise,Shoulders,Raise dumbbells at 45-degree angle forward.,https://www.youtube.com/watch?v=JIr-F0yGz2k
Front Rack Reverse Lunge,Strength,Barbell/Dumbbell,Lower Body,Lunge,"Quads, Glutes, Core","Hold weight in front rack, step back and lunge.",https://www.youtube.com/watch?v=OmSmkN5UqLM
Standing Calf Raise,Strength,Bodyweight/Dumbbell,Lower Body,Raise,Calves,"Lift heels, pause, then lower slowly.",https://www.youtube.com/watch?v=-M4-G8p8fmc
Seated Calf Raise,Strength,Dumbbell/Plate,Lower Body,Raise,"Soleus, Calves","Sit on bench, weight on knees, lift heels.",https://www.youtube.com/watch?v=wlDU0U6gVS8
Elevated Heel Goblet Squat,Strength,Dumbbell + Plate,Lower Body,Squat,Quads,"Stand with heels elevated, perform goblet squat.",https://www.youtube.com/watch?v=PH-FQ0b6PoY
Tempo Back Squat,Strength,Barbell,Lower Body,Squat,"Quads, Glutes, Core","Lower slowly (3�5s), pause, rise quickly.",https://www.youtube.com/watch?v=NSJ6I8Kn9C8
Landmine Jefferson Squat,Strength,Landmine,Lower Body,Squat,"Quads, Glutes","Straddle bar, squat holding one end, upright posture.",https://www.youtube.com/watch?v=bdWaK1ECWyQ
Single-Arm Floor Press,Strength,Dumbbell,Upper Body,Press,"Chest, Shoulders, Triceps","Lie on floor, press with one arm.",https://www.youtube.com/watch?v=eXPGYFhG_2I
Feet-Elevated Glute Bridge,Strength,Bench/Step,Lower Body,Bridge,"Glutes, Hamstrings","Elevate feet, bridge hips up and squeeze glutes.",https://www.youtube.com/watch?v=Toz77aH2Z6M
Z-Press,Strength,Barbell/Dumbbells,Upper Body,Press,"Shoulders, Core","Sit on floor with legs extended, strict overhead press.",https://www.youtube.com/watch?v=lNUbTG�mFqU
Crossbody Cable Raise,Strength,Cable Machine,Upper Body,Raise,"Shoulders, Core",Pull cable across body diagonally from low to high.,https://www.youtube.com/watch?v=6X29UgDkhdM
Cable Triceps Kickback,Strength,Cable Machine,Upper Body,Extension,Triceps,"Hinge at waist, extend arm backward fully.",https://www.youtube.com/watch?v=5o4-Lj-A3rs
Lying Dumbbell Triceps Extension,Strength,Dumbbell,Upper Body,Extension,Triceps,"Lie on bench, extend dumbbells from forehead.",https://www.youtube.com/watch?v=O6xT2BnquwM
Barbell Wrist Curl,Strength,Barbell,Forearms,Curl,Forearms,"Sit, rest forearms on knees, curl wrist upward.",https://www.youtube.com/watch?v=GIO1tVn5Z2I
Barbell Reverse Wrist Curl,Strength,Barbell,Forearms,Curl,Forearms,"Same as wrist curl, palms facing down.",https://www.youtube.com/watch?v=2L3OkAx3OT4
Plate Pinch Hold,Grip/Strength,Weight Plate,Forearms,Hold,Grip,Pinch two plates together and hold for time.,https://www.youtube.com/watch?v=5_oKOEJpxKc
